,ad4_gpu_mean,ad4_gpu_median,ad4_gpu_max,ad4_gpu_min,Active
6puw_ligand_1,-7.76,-7.45,-4.87,-11.11,1.0
active_10_18,-4.57,-4.65,-3.44,-5.35,1.0
active_11_1,-14.77,-14.68,-10.62,-17.87,1.0
active_12_1,-8.85,-8.43,-5.43,-12.21,1.0
active_13_1,-14.54,-14.55,-12.05,-17.69,1.0
active_14_1,-7.87,-7.88,-5.52,-10.6,1.0
active_15_3,-6.99,-7.02,-4.54,-9.81,1.0
active_16_4,-6.8,-6.83,-4.9,-8.55,1.0
active_17_5,-14.6,-14.64,-12.11,-16.87,1.0
active_18_1,-22.43,-22.43,-17.5,-25.68,1.0
active_19_1,-14.48,-14.41,-10.05,-18.01,1.0
active_2_1,-7.82,-7.43,-5.49,-11.92,1.0
active_20_2,-7.96,-7.88,-6.0,-10.72,1.0
active_21_12,-8.29,-8.12,-6.21,-10.76,1.0
active_22_3,-7.78,-7.78,-5.53,-9.03,1.0
active_23_6,-7.02,-7.09,-5.55,-7.85,1.0
active_24_1,-15.88,-15.9,-12.9,-19.13,1.0
active_25_1,-14.65,-14.68,-12.29,-17.51,1.0
active_26_6,-16.45,-16.6,-14.66,-18.76,1.0
active_27_4,-14.25,-14.39,-9.83,-16.67,1.0
active_28_2,-15.92,-15.78,-12.61,-19.07,1.0
active_29_1,-12.04,-12.18,-7.53,-16.37,1.0
active_3_8,-13.94,-13.96,-11.75,-15.71,1.0
active_30_3,-13.7,-13.69,-8.89,-17.53,1.0
active_31_5,-14.68,-14.75,-12.73,-16.9,1.0
active_4_1,-6.79,-6.68,-4.84,-9.71,1.0
active_5_2,-15.86,-15.94,-12.99,-18.25,1.0
active_6_1,-7.32,-7.4,-5.24,-10.04,1.0
active_7_15,-6.32,-6.33,-5.07,-7.76,1.0
active_8_1,-7.37,-7.28,-4.55,-9.99,1.0
active_9_1,-6.97,-6.95,-4.61,-9.09,1.0
dude_1_16,-6.36,-6.43,-5.19,-7.01,0.0
dude_10_7,-6.9,-6.9,-5.53,-8.16,0.0
dude_100_1,-6.85,-6.92,-5.34,-8.16,0.0
dude_1000_3,-5.25,-5.27,-4.37,-5.54,0.0
dude_1001_1,-7.16,-7.22,-5.19,-8.29,0.0
dude_1002_21,-6.64,-6.62,-5.42,-7.52,0.0
dude_1003_2,-6.69,-6.68,-4.92,-8.16,0.0
dude_1004_1,-6.82,-6.8,-5.0,-8.94,0.0
dude_1005_1,-6.81,-6.84,-5.18,-8.14,0.0
dude_1006_21,-5.4,-5.38,-4.59,-6.13,0.0
dude_1007_10,-6.9,-7.16,-5.55,-7.86,0.0
dude_1008_1,-6.33,-6.25,-4.59,-8.29,0.0
dude_1009_1,-6.53,-6.59,-4.8,-8.15,0.0
dude_101_21,-8.11,-8.17,-6.01,-9.51,0.0
dude_1010_4,-6.07,-6.12,-5.05,-6.38,0.0
dude_1011_1,-7.05,-7.06,-5.59,-8.58,0.0
dude_1012_4,-6.26,-6.25,-4.86,-7.29,0.0
dude_1013_4,-5.99,-6.05,-4.54,-7.28,0.0
dude_1014_2,-7.66,-7.5,-5.06,-9.33,0.0
dude_1015_19,-5.53,-5.55,-4.46,-6.67,0.0
dude_1016_5,-6.18,-6.2,-4.61,-7.52,0.0
dude_1017_2,-6.93,-6.9,-4.98,-8.98,0.0
dude_1018_1,-6.82,-6.76,-4.72,-8.54,0.0
dude_1019_3,-6.72,-6.58,-5.37,-8.44,0.0
dude_102_1,-7.69,-7.7,-5.07,-10.11,0.0
dude_1020_7,-6.6,-6.56,-5.7,-7.6,0.0
dude_1021_1,-7.45,-7.41,-5.36,-9.21,0.0
dude_1022_5,-6.94,-7.1,-5.0,-7.69,0.0
dude_1023_15,-5.82,-5.74,-4.52,-7.12,0.0
dude_1024_2,-6.86,-6.93,-4.48,-8.01,0.0
dude_1025_1,-7.21,-7.18,-5.39,-8.71,0.0
dude_1026_3,-5.23,-5.24,-3.85,-6.48,0.0
dude_1027_1,-7.44,-7.4,-5.29,-8.96,0.0
dude_1028_50,-5.62,-5.66,-4.63,-6.25,0.0
dude_1029_54,-4.37,-4.47,-3.46,-4.9,0.0
dude_103_6,-7.02,-7.09,-5.44,-8.26,0.0
dude_1030_5,-6.3,-6.25,-5.08,-7.44,0.0
dude_1031_3,-7.11,-7.09,-5.66,-8.14,0.0
dude_1032_7,-6.66,-6.66,-5.84,-7.55,0.0
dude_1033_2,-6.86,-6.8,-4.66,-8.45,0.0
dude_1034_3,-6.75,-6.82,-5.29,-8.37,0.0
dude_1035_1,-6.28,-6.3,-4.93,-8.23,0.0
dude_1036_9,-6.5,-6.62,-4.62,-7.8,0.0
dude_1037_1,-7.11,-6.94,-5.23,-9.73,0.0
dude_1038_1,-7.9,-7.84,-6.06,-9.35,0.0
dude_1039_14,-6.01,-5.98,-4.67,-7.54,0.0
dude_104_3,-6.21,-6.28,-3.72,-7.7,0.0
dude_1040_1,-5.93,-5.78,-4.29,-7.5,0.0
dude_1041_1,-6.62,-6.74,-4.93,-7.97,0.0
dude_1042_1,-8.03,-7.89,-6.0,-10.22,0.0
dude_1043_10,-7.76,-7.81,-5.99,-8.7,0.0
dude_1044_1,-7.83,-7.99,-5.86,-9.73,0.0
dude_1045_4,-7.0,-7.13,-5.41,-8.17,0.0
dude_1046_3,-6.19,-6.19,-4.79,-7.52,0.0
dude_1047_1,-6.73,-6.71,-4.66,-8.58,0.0
dude_1048_1,-7.46,-7.48,-6.04,-8.78,0.0
dude_1049_1,-7.07,-7.17,-5.41,-8.57,0.0
dude_105_4,-7.01,-6.86,-5.03,-9.41,0.0
dude_1050_3,-6.13,-6.18,-3.96,-7.74,0.0
dude_1051_1,-6.05,-6.0,-3.61,-9.15,0.0
dude_1052_5,-5.85,-5.86,-4.46,-7.64,0.0
dude_1053_6,-5.73,-5.61,-4.24,-7.48,0.0
dude_1054_5,-5.33,-5.41,-3.81,-6.52,0.0
dude_1055_8,-7.07,-7.16,-5.74,-8.31,0.0
dude_1056_8,-4.74,-4.75,-3.62,-5.92,0.0
dude_1057_7,-5.8,-5.7,-4.47,-7.15,0.0
dude_1058_1,-7.26,-7.49,-5.39,-8.06,0.0
dude_1059_1,-6.58,-6.6,-4.64,-9.39,0.0
dude_106_1,-7.88,-8.0,-4.97,-9.92,0.0
dude_1060_1,-6.54,-6.58,-4.67,-7.53,0.0
dude_1061_4,-5.67,-5.52,-4.4,-7.49,0.0
dude_1062_5,-7.05,-6.98,-5.58,-8.37,0.0
dude_1063_11,-6.06,-6.06,-4.7,-7.36,0.0
dude_1064_1,-6.29,-6.27,-4.58,-7.4,0.0
dude_1065_6,-6.28,-6.32,-5.32,-6.4,0.0
dude_1066_4,-5.63,-5.64,-4.36,-6.54,0.0
dude_1067_1,-5.65,-5.59,-4.23,-7.53,0.0
dude_1068_6,-6.05,-6.18,-4.03,-7.19,0.0
dude_1069_11,-5.58,-5.6,-4.14,-6.71,0.0
dude_107_1,-8.03,-8.04,-5.21,-9.71,0.0
dude_1070_3,-14.27,-14.2,-11.65,-17.0,0.0
dude_1071_7,-5.36,-5.34,-4.0,-6.71,0.0
dude_1072_4,-5.03,-5.09,-3.79,-5.65,0.0
dude_1073_26,-6.1,-6.08,-5.12,-7.18,0.0
dude_1074_7,-5.96,-6.06,-4.79,-6.2,0.0
dude_1075_15,-5.63,-5.72,-3.63,-6.13,0.0
dude_1076_6,-5.43,-5.41,-3.92,-6.75,0.0
dude_1077_5,-6.13,-6.05,-4.41,-7.37,0.0
dude_1078_1,-7.11,-6.84,-4.65,-9.4,0.0
dude_1079_3,-6.71,-6.96,-5.07,-7.63,0.0
dude_108_1,-6.86,-6.91,-5.28,-8.56,0.0
dude_1080_10,-6.71,-6.78,-5.39,-7.12,0.0
dude_1081_2,-6.36,-6.61,-4.24,-7.43,0.0
dude_1082_12,-6.52,-6.57,-5.24,-7.36,0.0
dude_1083_6,-5.9,-6.03,-3.86,-7.41,0.0
dude_1084_9,-5.83,-5.88,-4.69,-6.4,0.0
dude_1085_2,-6.57,-6.6,-4.86,-8.36,0.0
dude_1086_15,-6.28,-6.28,-5.19,-7.18,0.0
dude_1087_2,-6.27,-6.24,-3.68,-8.18,0.0
dude_1088_34,-5.0,-5.01,-3.88,-5.99,0.0
dude_1089_3,-5.69,-5.62,-4.1,-7.39,0.0
dude_109_15,-6.96,-7.0,-5.37,-8.66,0.0
dude_1090_16,-5.54,-5.58,-3.57,-6.59,0.0
dude_1091_14,-6.43,-6.52,-5.39,-6.78,0.0
dude_1092_24,-5.79,-5.76,-4.5,-7.02,0.0
dude_1093_2,-6.1,-6.1,-5.17,-7.12,0.0
dude_1094_1,-6.23,-6.28,-4.49,-7.92,0.0
dude_1095_4,-6.59,-6.67,-4.77,-7.21,0.0
dude_1096_5,-5.95,-6.0,-4.45,-8.19,0.0
dude_1097_3,-5.72,-5.75,-3.88,-8.38,0.0
dude_1098_34,-5.38,-5.41,-4.5,-6.07,0.0
dude_1099_3,-6.73,-6.79,-4.95,-7.91,0.0
dude_11_18,-5.49,-5.55,-4.16,-6.02,0.0
dude_110_9,-7.6,-7.61,-6.21,-9.15,0.0
dude_1100_3,-6.12,-6.11,-4.65,-7.38,0.0
dude_1101_1,-7.34,-7.24,-5.16,-9.42,0.0
dude_1102_12,-5.54,-5.54,-4.4,-6.49,0.0
dude_1103_2,-8.17,-8.56,-5.74,-9.48,0.0
dude_1104_2,-7.81,-8.01,-5.84,-9.63,0.0
dude_1105_5,-6.37,-6.35,-5.19,-7.3,0.0
dude_1106_1,-6.83,-6.93,-5.16,-7.97,0.0
dude_1107_7,-6.7,-6.81,-5.06,-8.05,0.0
dude_1108_2,-7.12,-6.99,-5.17,-9.42,0.0
dude_1109_8,-6.62,-6.66,-5.38,-8.01,0.0
dude_111_3,-7.32,-7.16,-5.47,-9.26,0.0
dude_1110_1,-6.14,-6.07,-4.68,-7.48,0.0
dude_1111_18,-5.53,-5.57,-4.77,-5.97,0.0
dude_1112_4,-6.26,-6.18,-4.99,-7.6,0.0
dude_1113_22,-6.0,-6.08,-4.54,-6.59,0.0
dude_1114_1,-6.15,-6.12,-4.89,-8.31,0.0
dude_1115_1,-6.77,-6.75,-4.72,-9.23,0.0
dude_1116_5,-6.42,-6.26,-5.03,-7.98,0.0
dude_1117_13,-6.28,-6.05,-4.6,-8.17,0.0
dude_1118_2,-6.31,-6.33,-4.51,-7.76,0.0
dude_1119_25,-5.3,-5.32,-3.83,-6.16,0.0
dude_112_6,-6.11,-6.14,-4.66,-7.15,0.0
dude_1120_1,-6.46,-6.42,-4.2,-8.64,0.0
dude_1121_7,-6.47,-6.43,-5.22,-8.41,0.0
dude_1122_1,-7.68,-7.7,-6.34,-9.69,0.0
dude_1123_2,-7.34,-7.36,-6.02,-8.44,0.0
dude_1124_1,-6.94,-6.92,-4.96,-9.57,0.0
dude_1125_6,-6.11,-6.14,-4.89,-7.03,0.0
dude_1126_1,-6.21,-6.09,-3.97,-9.03,0.0
dude_1127_7,-5.53,-5.65,-3.48,-6.52,0.0
dude_1128_1,-7.29,-7.27,-5.23,-8.69,0.0
dude_1129_4,-6.94,-6.9,-4.61,-8.57,0.0
dude_113_17,-6.58,-6.43,-5.55,-7.62,0.0
dude_1130_1,-6.71,-6.62,-4.41,-8.31,0.0
dude_1131_1,-6.77,-6.84,-5.14,-7.73,0.0
dude_1132_1,-8.16,-8.25,-6.04,-9.04,0.0
dude_1133_6,-5.89,-6.02,-4.22,-7.3,0.0
dude_1134_2,-6.73,-6.8,-5.18,-7.89,0.0
dude_1135_1,-6.48,-6.36,-4.8,-8.07,0.0
dude_1136_4,-7.93,-8.03,-6.06,-8.73,0.0
dude_1137_1,-7.51,-7.45,-6.03,-8.83,0.0
dude_1138_1,-7.63,-7.62,-5.4,-9.49,0.0
dude_1139_6,-6.05,-6.08,-4.85,-7.22,0.0
dude_114_6,-6.96,-6.98,-5.32,-8.27,0.0
dude_1140_10,-6.49,-6.5,-5.94,-6.8,0.0
dude_1141_4,-6.45,-6.48,-4.69,-7.6,0.0
dude_1142_12,-6.29,-6.14,-5.56,-7.2,0.0
dude_1143_8,-6.6,-6.6,-5.25,-7.54,0.0
dude_1144_5,-6.37,-6.33,-5.07,-7.73,0.0
dude_1145_2,-7.32,-7.51,-5.17,-8.21,0.0
dude_1146_1,-6.53,-6.63,-4.82,-7.99,0.0
dude_1147_1,-7.87,-7.77,-5.34,-11.09,0.0
dude_1148_3,-6.41,-6.44,-4.13,-8.24,0.0
dude_1149_3,-6.35,-6.42,-5.08,-7.66,0.0
dude_115_1,-8.59,-8.68,-6.03,-10.19,0.0
dude_1150_8,-7.22,-7.2,-5.46,-8.65,0.0
dude_1151_1,-6.59,-6.62,-3.03,-10.16,0.0
dude_1152_1,-6.2,-6.11,-4.9,-7.89,0.0
dude_1153_8,-5.84,-5.98,-4.08,-7.18,0.0
dude_1154_4,-6.11,-6.19,-4.24,-8.02,0.0
dude_1155_1,-6.34,-6.26,-4.65,-9.17,0.0
dude_1156_3,-6.3,-6.26,-4.55,-8.27,0.0
dude_1157_1,-6.45,-6.45,-4.39,-8.92,0.0
dude_1158_1,-5.84,-5.72,-4.35,-8.04,0.0
dude_1159_1,-6.05,-6.09,-3.75,-8.67,0.0
dude_116_2,-6.85,-6.88,-5.59,-7.55,0.0
dude_1160_18,-5.89,-5.86,-4.52,-6.91,0.0
dude_1161_3,-6.28,-6.37,-4.28,-8.33,0.0
dude_1162_1,-5.92,-5.83,-4.13,-8.61,0.0
dude_1163_6,-6.01,-5.88,-4.66,-7.55,0.0
dude_1164_20,-5.37,-5.4,-4.32,-5.86,0.0
dude_1165_25,-5.0,-5.07,-3.43,-6.18,0.0
dude_1166_12,-5.12,-5.12,-3.5,-7.09,0.0
dude_1167_5,-6.66,-6.61,-5.18,-8.07,0.0
dude_1168_5,-6.29,-6.38,-4.35,-7.22,0.0
dude_1169_1,-4.93,-4.9,-3.07,-7.2,0.0
dude_117_7,-7.21,-7.26,-4.22,-9.23,0.0
dude_1170_2,-5.59,-5.39,-4.03,-8.32,0.0
dude_1171_2,-5.77,-5.81,-2.97,-8.18,0.0
dude_1172_1,-5.21,-5.14,-3.8,-7.8,0.0
dude_1173_1,-6.21,-6.04,-3.98,-9.58,0.0
dude_1174_2,-5.65,-5.58,-3.77,-7.93,0.0
dude_1175_12,-6.24,-6.31,-4.9,-7.08,0.0
dude_1176_1,-6.86,-7.01,-5.49,-7.25,0.0
dude_1177_5,-5.67,-5.67,-3.4,-7.99,0.0
dude_1178_13,-5.4,-5.51,-4.54,-6.32,0.0
dude_1179_5,-6.22,-6.31,-4.31,-7.62,0.0
dude_118_1,-7.4,-7.46,-5.83,-9.1,0.0
dude_1180_1,-6.2,-6.15,-4.41,-8.63,0.0
dude_1181_16,-5.48,-5.48,-4.71,-6.07,0.0
dude_1182_1,-6.92,-6.67,-4.93,-10.0,0.0
dude_1183_6,-6.21,-6.34,-4.49,-7.7,0.0
dude_1184_1,-15.25,-15.24,-11.38,-18.29,0.0
dude_1185_1,-6.27,-6.12,-4.85,-9.43,0.0
dude_1186_8,-5.73,-5.75,-4.24,-6.69,0.0
dude_1187_2,-5.06,-5.18,-1.91,-6.91,0.0
dude_1188_3,-6.45,-6.45,-4.4,-8.6,0.0
dude_1189_4,-5.3,-5.41,-3.45,-6.42,0.0
dude_119_7,-6.88,-6.97,-4.97,-7.9,0.0
dude_1190_1,-6.46,-6.4,-3.71,-10.16,0.0
dude_1191_2,-5.3,-5.15,-3.62,-8.53,0.0
dude_1192_4,-5.71,-5.51,-4.12,-8.73,0.0
dude_1193_14,-5.78,-5.78,-4.69,-7.02,0.0
dude_1194_5,-5.43,-5.39,-3.6,-6.97,0.0
dude_1195_2,-5.23,-5.16,-3.36,-7.51,0.0
dude_1196_1,-6.26,-6.13,-4.69,-9.04,0.0
dude_1197_10,-5.71,-5.6,-3.16,-7.87,0.0
dude_1198_2,-4.54,-4.45,-3.15,-6.25,0.0
dude_1199_2,-6.12,-6.07,-3.22,-9.05,0.0
dude_12_10,-5.64,-5.61,-4.29,-6.87,0.0
dude_120_15,-7.1,-7.06,-5.58,-8.96,0.0
dude_1200_1,-14.3,-14.33,-9.85,-16.72,0.0
dude_1201_1,-7.21,-7.23,-5.3,-8.99,0.0
dude_1202_4,-6.25,-6.3,-4.31,-7.55,0.0
dude_1203_17,-6.05,-6.09,-5.22,-6.62,0.0
dude_1204_12,-5.99,-6.02,-4.44,-6.94,0.0
dude_1205_1,-8.55,-8.52,-6.1,-10.38,0.0
dude_1206_18,-6.38,-6.47,-5.34,-7.28,0.0
dude_1207_2,-4.23,-4.19,-2.39,-5.91,0.0
dude_1208_10,-6.22,-6.28,-4.94,-7.29,0.0
dude_1209_3,-7.62,-7.62,-6.12,-8.97,0.0
dude_121_2,-7.52,-7.61,-5.66,-8.84,0.0
dude_1210_5,-6.27,-6.29,-3.63,-7.49,0.0
dude_1211_2,-6.23,-6.18,-4.54,-7.85,0.0
dude_1212_7,-6.53,-6.64,-5.23,-7.17,0.0
dude_1213_4,-6.3,-6.4,-4.72,-7.53,0.0
dude_1214_2,-6.76,-6.7,-4.94,-9.36,0.0
dude_1215_1,-6.97,-6.92,-5.01,-8.43,0.0
dude_1216_13,-6.15,-6.11,-4.69,-7.45,0.0
dude_1217_11,-6.78,-6.88,-5.79,-7.62,0.0
dude_1218_1,-7.2,-7.15,-5.75,-9.2,0.0
dude_1219_9,-6.75,-6.78,-5.49,-8.05,0.0
dude_122_14,-7.43,-7.32,-6.21,-8.73,0.0
dude_1220_11,-6.63,-6.68,-5.59,-7.56,0.0
dude_1221_4,-6.29,-6.33,-4.61,-7.31,0.0
dude_1222_3,-6.25,-5.93,-4.45,-8.23,0.0
dude_1223_7,-6.4,-6.44,-5.02,-7.23,0.0
dude_1224_1,-8.62,-8.68,-6.81,-8.71,0.0
dude_1225_1,-5.93,-5.88,-4.66,-7.53,0.0
dude_1226_1,-7.27,-7.24,-5.73,-8.6,0.0
dude_1227_24,-5.15,-5.2,-3.67,-6.07,0.0
dude_1228_1,-6.08,-6.02,-4.76,-7.88,0.0
dude_1229_2,-6.5,-6.44,-5.19,-7.9,0.0
dude_123_1,-8.31,-8.07,-5.6,-11.66,0.0
dude_1230_8,-6.86,-6.87,-6.15,-7.39,0.0
dude_1231_3,-7.14,-7.11,-5.72,-8.25,0.0
dude_1232_27,-5.58,-5.64,-4.29,-6.74,0.0
dude_1233_3,-6.17,-6.16,-4.79,-8.12,0.0
dude_1234_2,-7.28,-7.24,-5.53,-8.67,0.0
dude_1235_1,-7.15,-7.12,-5.29,-9.55,0.0
dude_1236_12,-6.38,-6.51,-4.81,-7.46,0.0
dude_1237_2,-6.51,-6.52,-3.97,-8.56,0.0
dude_1238_16,-5.69,-5.54,-4.63,-7.15,0.0
dude_1239_23,-6.6,-6.62,-5.17,-7.51,0.0
dude_124_1,-13.92,-14.11,-9.15,-16.86,0.0
dude_1240_9,-5.64,-5.52,-4.17,-7.17,0.0
dude_1241_2,-6.49,-6.44,-4.92,-8.24,0.0
dude_1242_15,-5.05,-5.14,-3.38,-7.19,0.0
dude_1243_4,-7.52,-7.55,-5.96,-9.17,0.0
dude_1244_21,-6.21,-6.2,-4.95,-7.34,0.0
dude_1245_6,-6.51,-6.49,-5.09,-8.25,0.0
dude_1246_6,-6.5,-6.61,-4.69,-8.17,0.0
dude_1247_1,-6.31,-6.37,-5.06,-6.72,0.0
dude_1248_1,-7.32,-7.27,-5.93,-8.54,0.0
dude_1249_3,-6.21,-6.32,-4.89,-7.77,0.0
dude_125_1,-8.01,-8.11,-6.24,-9.68,0.0
dude_1250_2,-6.93,-7.03,-5.14,-8.1,0.0
dude_1251_1,-7.32,-7.39,-5.26,-9.01,0.0
dude_1252_30,-6.94,-7.0,-5.58,-8.63,0.0
dude_1253_37,-5.54,-5.64,-4.35,-6.33,0.0
dude_1254_15,-6.35,-6.44,-4.83,-7.45,0.0
dude_1255_6,-8.21,-8.28,-6.29,-9.36,0.0
dude_1256_5,-7.8,-7.98,-6.29,-9.01,0.0
dude_1257_7,-6.22,-6.28,-4.54,-7.32,0.0
dude_1258_1,-7.28,-7.15,-5.45,-9.14,0.0
dude_1259_4,-7.58,-7.66,-5.51,-8.24,0.0
dude_126_55,-5.68,-5.65,-4.42,-7.05,0.0
dude_1260_4,-7.24,-7.37,-5.72,-7.72,0.0
dude_1261_2,-9.2,-9.39,-6.06,-10.5,0.0
dude_1262_10,-7.8,-7.78,-6.45,-9.21,0.0
dude_1263_1,-8.76,-9.41,-6.05,-11.43,0.0
dude_1264_6,-6.57,-6.33,-5.31,-8.49,0.0
dude_1265_17,-6.17,-6.23,-4.69,-7.12,0.0
dude_1266_2,-6.42,-6.46,-4.52,-8.03,0.0
dude_1267_1,-5.26,-5.04,-2.89,-8.14,0.0
dude_1268_12,-6.15,-6.05,-4.89,-7.35,0.0
dude_1269_28,-6.19,-6.25,-5.21,-6.79,0.0
dude_127_3,-7.27,-7.14,-5.68,-8.87,0.0
dude_1270_37,-5.15,-5.15,-3.99,-6.59,0.0
dude_1271_18,-6.92,-6.85,-5.25,-8.41,0.0
dude_1272_7,-6.65,-6.53,-4.44,-7.95,0.0
dude_1273_3,-6.64,-6.73,-4.29,-8.68,0.0
dude_1274_1,-6.76,-6.7,-4.85,-8.48,0.0
dude_1275_2,-8.66,-8.84,-7.02,-10.32,0.0
dude_1276_181,-5.31,-5.31,-4.29,-6.09,0.0
dude_1277_18,-7.05,-7.3,-4.78,-7.95,0.0
dude_1278_2,-5.77,-5.63,-4.21,-7.32,0.0
dude_1279_22,-7.33,-7.45,-6.22,-8.4,0.0
dude_128_5,-7.53,-7.55,-5.32,-8.9,0.0
dude_1280_3,-7.02,-6.94,-4.56,-9.38,0.0
dude_1281_9,-6.45,-6.46,-5.08,-7.36,0.0
dude_1282_5,-6.45,-6.53,-5.29,-7.71,0.0
dude_1283_7,-6.85,-7.1,-4.69,-8.6,0.0
dude_1284_5,-2.86,-2.8,-1.6,-5.39,0.0
dude_1285_13,-6.91,-6.93,-4.87,-9.14,0.0
dude_1286_5,-6.4,-6.35,-4.63,-8.33,0.0
dude_1287_5,-5.16,-5.24,-3.69,-6.47,0.0
dude_1288_3,-8.34,-8.34,-7.18,-10.09,0.0
dude_1289_1,-8.1,-7.76,-6.34,-11.17,0.0
dude_129_3,-7.51,-7.5,-5.17,-9.87,0.0
dude_1290_5,-6.72,-6.67,-5.22,-8.2,0.0
dude_1291_6,-6.28,-6.46,-4.16,-7.32,0.0
dude_1292_1,-13.55,-13.73,-10.05,-16.08,0.0
dude_1293_14,-7.68,-7.64,-5.9,-8.85,0.0
dude_1294_1,-7.71,-7.58,-5.96,-9.45,0.0
dude_1295_15,-6.53,-6.6,-4.4,-7.73,0.0
dude_1296_4,-8.39,-8.59,-6.29,-9.69,0.0
dude_1297_5,-6.81,-6.91,-5.0,-8.48,0.0
dude_1298_36,-6.45,-6.6,-4.94,-7.68,0.0
dude_1299_1,-6.18,-6.12,-3.19,-8.53,0.0
dude_13_4,-6.77,-6.91,-5.05,-6.98,0.0
dude_130_33,-5.71,-5.69,-4.64,-6.93,0.0
dude_1300_42,-3.93,-3.92,-2.81,-5.01,0.0
dude_1301_10,-5.83,-5.54,-4.07,-7.74,0.0
dude_1302_1,-7.32,-7.21,-5.24,-9.13,0.0
dude_1303_18,-5.38,-5.42,-3.96,-6.63,0.0
dude_1304_13,-6.08,-6.18,-3.88,-7.59,0.0
dude_1305_13,-5.96,-6.04,-5.09,-6.76,0.0
dude_1306_1,-8.1,-8.07,-5.4,-11.96,0.0
dude_1307_3,-6.25,-6.27,-4.41,-7.07,0.0
dude_1308_22,-6.53,-6.4,-4.95,-8.08,0.0
dude_1309_14,-7.24,-7.46,-5.53,-8.38,0.0
dude_131_9,-7.07,-6.98,-4.65,-9.16,0.0
dude_1310_73,-5.56,-5.65,-4.27,-6.05,0.0
dude_1311_7,-6.32,-6.4,-4.78,-7.24,0.0
dude_1312_1,-8.81,-8.25,-7.07,-11.03,0.0
dude_1313_15,-5.46,-5.41,-4.16,-6.54,0.0
dude_1314_3,-7.43,-7.45,-5.26,-9.21,0.0
dude_1315_1,-7.52,-7.72,-5.38,-8.84,0.0
dude_1316_7,-5.6,-5.5,-3.72,-7.32,0.0
dude_1317_4,-7.02,-6.92,-5.93,-8.45,0.0
dude_1318_15,-7.58,-7.49,-6.21,-8.85,0.0
dude_1319_4,-7.56,-7.66,-5.88,-9.06,0.0
dude_132_16,-6.87,-6.74,-5.04,-8.4,0.0
dude_1320_2,-6.22,-6.26,-4.77,-7.98,0.0
dude_1321_23,-6.27,-6.26,-5.17,-7.6,0.0
dude_1322_8,-6.85,-6.92,-5.09,-7.6,0.0
dude_1323_115,-5.34,-5.4,-4.04,-6.01,0.0
dude_1324_3,-5.6,-5.65,-3.36,-7.56,0.0
dude_1325_5,-6.54,-6.48,-5.06,-8.23,0.0
dude_1326_2,-8.54,-8.64,-6.0,-10.81,0.0
dude_1327_9,-7.63,-7.84,-6.56,-8.75,0.0
dude_1328_5,-6.69,-6.64,-4.15,-8.44,0.0
dude_1329_16,-6.32,-6.08,-5.57,-7.63,0.0
dude_133_1,-8.07,-7.99,-5.44,-11.53,0.0
dude_1330_15,-6.18,-6.0,-5.22,-7.33,0.0
dude_1331_1,-6.59,-6.52,-4.27,-9.18,0.0
dude_1332_3,-5.83,-5.87,-4.74,-7.0,0.0
dude_1333_12,-7.03,-6.9,-3.96,-8.74,0.0
dude_1334_6,-6.73,-6.67,-5.2,-7.94,0.0
dude_1335_3,-6.35,-6.44,-4.26,-8.4,0.0
dude_1336_3,-5.98,-5.93,-4.88,-7.27,0.0
dude_1337_1,-9.03,-8.98,-6.79,-13.06,0.0
dude_1338_3,-7.27,-7.29,-6.07,-8.8,0.0
dude_1339_2,-6.82,-6.84,-4.87,-8.44,0.0
dude_134_4,-6.98,-6.92,-4.42,-8.98,0.0
dude_1340_3,-5.77,-5.82,-3.6,-7.77,0.0
dude_1341_1,-7.93,-7.68,-4.88,-10.4,0.0
dude_1342_4,-7.49,-7.64,-5.55,-7.68,0.0
dude_1343_3,-7.15,-7.22,-5.55,-8.86,0.0
dude_1344_1,-7.76,-7.8,-5.81,-10.07,0.0
dude_1345_22,-6.43,-6.46,-5.05,-7.64,0.0
dude_1346_9,-6.25,-6.24,-4.93,-7.77,0.0
dude_1347_7,-7.21,-7.22,-5.02,-8.84,0.0
dude_1348_8,-7.06,-7.13,-5.64,-7.94,0.0
dude_1349_6,-6.76,-6.41,-4.56,-8.57,0.0
dude_135_6,-7.67,-7.67,-6.18,-8.91,0.0
dude_1350_3,-7.35,-7.47,-5.6,-7.91,0.0
dude_1351_11,-6.46,-6.37,-1.34,-9.33,0.0
dude_1352_2,-8.7,-8.81,-5.02,-12.18,0.0
dude_1353_6,-6.29,-6.3,-3.55,-8.97,0.0
dude_1354_10,-6.03,-6.12,-3.04,-9.78,0.0
dude_1355_1,-8.27,-8.51,-3.88,-10.98,0.0
dude_1356_1,-8.52,-8.57,-4.8,-11.3,0.0
dude_1357_1,-6.21,-5.84,-3.1,-11.6,0.0
dude_1358_4,-5.55,-5.52,-3.03,-8.33,0.0
dude_1359_11,-15.29,-15.49,-12.72,-17.44,0.0
dude_136_9,-7.3,-7.36,-5.68,-8.56,0.0
dude_1360_5,-7.09,-7.1,-3.94,-10.26,0.0
dude_1361_9,-6.9,-7.16,-1.74,-9.65,0.0
dude_1362_1,-14.78,-14.82,-10.59,-18.22,0.0
dude_1363_2,-7.45,-7.48,-1.91,-12.09,0.0
dude_1364_2,-13.52,-13.36,-9.26,-19.26,0.0
dude_1365_7,-5.96,-5.97,-4.33,-7.88,0.0
dude_1366_1,-5.86,-5.51,-0.82,-11.9,0.0
dude_1367_22,-6.01,-6.01,-3.83,-7.75,0.0
dude_1368_3,-8.06,-8.1,-4.68,-11.21,0.0
dude_1369_5,-7.2,-7.14,-4.75,-10.15,0.0
dude_137_11,-6.32,-6.38,-3.81,-8.43,0.0
dude_1370_4,-7.62,-7.68,-4.81,-10.04,0.0
dude_1371_4,-8.04,-8.16,-3.5,-11.26,0.0
dude_1372_1,-6.71,-6.74,-4.22,-10.55,0.0
dude_1373_4,-7.21,-7.19,-4.42,-9.65,0.0
dude_1374_5,-14.88,-14.88,-11.57,-17.78,0.0
dude_1375_1,-6.54,-6.24,-3.37,-11.02,0.0
dude_1376_6,-14.76,-14.54,-12.26,-18.09,0.0
dude_1377_14,-12.87,-13.04,-9.94,-15.25,0.0
dude_1378_2,-20.58,-20.5,-16.76,-24.69,0.0
dude_1379_1,-7.32,-7.02,-4.52,-11.62,0.0
dude_138_5,-6.8,-6.83,-5.56,-7.81,0.0
dude_1380_1,-7.37,-7.5,-3.2,-10.4,0.0
dude_1381_24,-5.95,-6.02,-4.4,-6.62,0.0
dude_1382_18,-6.08,-6.1,-2.85,-9.62,0.0
dude_1383_1,-8.37,-8.4,-4.76,-11.24,0.0
dude_1384_11,-13.62,-13.59,-10.46,-15.84,0.0
dude_1385_13,-12.52,-12.39,-7.72,-16.09,0.0
dude_1386_3,-7.93,-7.87,-5.91,-11.13,0.0
dude_1387_4,-6.78,-6.83,-4.54,-8.45,0.0
dude_1388_4,-5.87,-6.06,-4.09,-7.47,0.0
dude_1389_7,-6.42,-6.46,-4.08,-9.14,0.0
dude_139_1,-8.05,-8.05,-6.1,-8.58,0.0
dude_1390_10,-13.25,-13.04,-9.1,-18.23,0.0
dude_1391_2,-7.15,-7.02,-3.75,-11.39,0.0
dude_1392_4,-14.12,-14.14,-10.11,-16.82,0.0
dude_1393_2,-15.15,-15.17,-12.0,-18.81,0.0
dude_1394_7,-5.98,-6.1,-3.0,-8.66,0.0
dude_1395_4,-6.59,-6.18,-2.89,-10.8,0.0
dude_1396_1,-7.41,-7.25,-4.73,-12.33,0.0
dude_1397_1,-8.17,-8.09,-3.62,-13.04,0.0
dude_1398_1,-6.97,-7.08,-3.98,-9.76,0.0
dude_1399_4,-4.54,-4.16,-0.85,-10.25,0.0
dude_14_1,-6.78,-6.78,-4.89,-8.84,0.0
dude_140_2,-8.53,-8.73,-6.41,-10.21,0.0
dude_1400_4,-6.96,-7.18,-3.31,-10.0,0.0
dude_1401_3,-8.1,-7.96,-6.34,-9.76,0.0
dude_1402_15,-6.26,-6.36,-4.53,-8.12,0.0
dude_1403_7,-6.96,-6.99,-5.59,-8.4,0.0
dude_1404_10,-7.43,-7.4,-5.85,-8.81,0.0
dude_1405_22,-7.08,-7.08,-5.64,-8.56,0.0
dude_1406_2,-7.64,-7.58,-6.15,-10.18,0.0
dude_1407_35,-6.68,-6.67,-5.09,-7.72,0.0
dude_1408_9,-7.95,-8.02,-5.06,-9.3,0.0
dude_1409_26,-8.01,-8.11,-5.68,-9.39,0.0
dude_141_21,-6.32,-6.41,-4.46,-7.57,0.0
dude_1410_9,-7.43,-7.49,-4.67,-8.95,0.0
dude_1411_1,-8.05,-7.86,-5.72,-12.49,0.0
dude_1412_1,-8.43,-8.5,-6.24,-10.48,0.0
dude_1413_1,-8.29,-8.43,-6.59,-10.01,0.0
dude_1414_4,-7.16,-7.14,-5.86,-9.04,0.0
dude_1415_2,-7.94,-7.86,-5.85,-9.8,0.0
dude_1416_7,-7.57,-7.4,-6.09,-9.33,0.0
dude_1417_1,-8.59,-8.49,-5.44,-11.87,0.0
dude_1418_58,-6.46,-6.6,-4.77,-7.54,0.0
dude_1419_108,-6.07,-6.18,-3.07,-7.69,0.0
dude_142_4,-8.22,-8.12,-6.3,-9.75,0.0
dude_1420_1,-7.81,-7.83,-5.45,-10.27,0.0
dude_1421_2,-7.11,-7.3,-4.85,-8.36,0.0
dude_1422_1,-8.12,-8.1,-5.98,-10.72,0.0
dude_1423_5,-7.79,-7.56,-6.67,-9.11,0.0
dude_1424_22,-6.83,-6.91,-4.33,-8.96,0.0
dude_1425_27,-6.43,-6.69,-4.34,-8.2,0.0
dude_1426_11,-6.86,-6.84,-5.71,-8.01,0.0
dude_1427_12,-7.51,-7.57,-5.83,-8.91,0.0
dude_1428_4,-7.13,-7.02,-5.37,-9.91,0.0
dude_1429_1,-8.55,-8.48,-6.55,-11.16,0.0
dude_143_1,-7.71,-7.59,-5.76,-10.07,0.0
dude_1430_1,-8.43,-8.43,-5.91,-9.84,0.0
dude_1431_3,-7.47,-7.38,-5.91,-9.34,0.0
dude_1432_39,-7.17,-7.17,-4.99,-8.84,0.0
dude_1433_3,-15.99,-15.99,-11.56,-18.92,0.0
dude_1434_6,-7.59,-7.66,-6.01,-8.87,0.0
dude_1435_23,-6.22,-6.28,-5.25,-7.33,0.0
dude_1436_24,-7.69,-7.72,-5.8,-9.16,0.0
dude_1437_1,-7.72,-7.82,-5.19,-9.17,0.0
dude_1438_69,-6.79,-6.88,-5.86,-7.9,0.0
dude_1439_36,-6.53,-6.52,-5.08,-8.0,0.0
dude_144_1,-7.97,-8.01,-5.41,-9.83,0.0
dude_1440_40,-6.06,-6.14,-4.59,-7.33,0.0
dude_1441_2,-15.74,-15.9,-12.91,-17.98,0.0
dude_1442_3,-7.03,-6.96,-5.38,-9.08,0.0
dude_1443_5,-6.99,-6.9,-4.66,-9.14,0.0
dude_1444_1,-7.08,-6.96,-5.18,-8.73,0.0
dude_1445_4,-13.95,-14.08,-10.45,-16.13,0.0
dude_1446_4,-13.77,-13.86,-8.16,-16.98,0.0
dude_1447_16,-6.04,-6.06,-5.09,-6.88,0.0
dude_1448_1,-6.79,-6.77,-4.77,-9.32,0.0
dude_1449_3,-8.23,-8.18,-5.81,-10.3,0.0
dude_145_5,-6.1,-6.08,-4.19,-7.92,0.0
dude_1450_13,-7.31,-7.33,-6.3,-8.12,0.0
dude_1451_4,-8.26,-8.34,-5.99,-10.18,0.0
dude_1452_1,-9.13,-9.22,-5.99,-12.29,0.0
dude_1453_21,-7.81,-7.88,-6.05,-9.19,0.0
dude_1454_10,-7.95,-8.07,-6.17,-9.08,0.0
dude_1455_1,-9.82,-9.66,-8.1,-12.2,0.0
dude_1456_8,-7.44,-7.38,-5.59,-9.75,0.0
dude_1457_3,-8.72,-8.89,-4.98,-10.88,0.0
dude_1458_5,-9.69,-9.97,-7.16,-12.37,0.0
dude_1459_2,-7.06,-7.11,-4.95,-9.01,0.0
dude_146_3,-7.41,-7.54,-4.8,-9.37,0.0
dude_1460_14,-8.23,-8.32,-5.47,-9.55,0.0
dude_1461_3,-8.64,-8.68,-5.25,-12.02,0.0
dude_1462_5,-8.5,-8.51,-6.57,-10.66,0.0
dude_1463_45,-6.21,-6.22,-4.2,-7.67,0.0
dude_1464_11,-8.11,-8.12,-5.46,-9.99,0.0
dude_1465_6,-8.64,-8.82,-5.98,-10.38,0.0
dude_1466_1,-8.45,-8.48,-6.15,-11.46,0.0
dude_1467_5,-7.33,-7.44,-4.09,-9.11,0.0
dude_1468_2,-8.89,-8.99,-5.7,-11.65,0.0
dude_1469_64,-7.87,-8.19,-5.93,-9.5,0.0
dude_147_38,-6.95,-7.04,-5.69,-7.94,0.0
dude_1470_5,-8.28,-8.34,-6.26,-10.04,0.0
dude_1471_5,-8.05,-8.06,-6.13,-10.52,0.0
dude_1472_21,-8.59,-8.7,-6.9,-10.22,0.0
dude_1473_6,-9.44,-9.63,-7.81,-11.19,0.0
dude_1474_2,-8.01,-8.23,-5.08,-9.59,0.0
dude_1475_1,-9.64,-9.71,-6.34,-12.43,0.0
dude_1476_6,-8.18,-8.33,-5.06,-9.77,0.0
dude_1477_13,-7.33,-7.32,-4.81,-9.55,0.0
dude_1478_2,-9.21,-9.23,-7.32,-10.92,0.0
dude_1479_9,-9.47,-9.4,-6.13,-11.84,0.0
dude_148_17,-7.27,-7.29,-5.63,-8.32,0.0
dude_1480_17,-5.95,-5.81,-3.22,-8.31,0.0
dude_1481_4,-11.06,-11.27,-8.53,-12.84,0.0
dude_1482_3,-9.39,-9.03,-8.09,-11.46,0.0
dude_1483_2,-7.89,-7.88,-5.7,-10.76,0.0
dude_1484_2,-9.26,-9.45,-7.35,-10.88,0.0
dude_1485_30,-7.07,-7.12,-5.6,-9.05,0.0
dude_1486_3,-13.34,-13.27,-7.8,-16.27,0.0
dude_1487_10,-8.55,-8.54,-6.86,-10.22,0.0
dude_1488_7,-8.16,-8.21,-6.15,-9.76,0.0
dude_1489_6,-8.56,-8.5,-5.79,-11.65,0.0
dude_149_2,-7.64,-7.42,-6.03,-9.96,0.0
dude_1490_11,-7.9,-7.87,-6.13,-9.7,0.0
dude_1491_12,-8.94,-8.86,-7.59,-10.84,0.0
dude_1492_8,-7.85,-7.44,-5.73,-10.31,0.0
dude_1493_28,-8.05,-8.09,-5.64,-9.7,0.0
dude_1494_1,-9.34,-9.28,-6.16,-12.15,0.0
dude_1495_1,-9.57,-9.59,-6.8,-12.31,0.0
dude_1496_5,-7.8,-7.8,-5.68,-9.73,0.0
dude_1497_15,-8.79,-8.8,-6.75,-10.13,0.0
dude_1498_24,-6.99,-6.93,-5.86,-8.27,0.0
dude_1499_1,-8.69,-8.46,-6.37,-11.42,0.0
dude_15_15,-6.22,-6.28,-4.98,-7.39,0.0
dude_150_3,-7.83,-7.68,-5.67,-10.69,0.0
dude_1500_2,-7.82,-7.83,-5.2,-10.95,0.0
dude_1501_4,-6.91,-6.88,-5.84,-8.02,0.0
dude_1502_5,-7.35,-7.3,-5.4,-9.11,0.0
dude_1503_2,-6.86,-6.76,-5.64,-8.4,0.0
dude_1504_4,-7.12,-7.17,-4.75,-8.89,0.0
dude_1505_4,-6.03,-6.06,-4.88,-6.79,0.0
dude_1506_2,-7.16,-7.21,-5.42,-8.65,0.0
dude_1507_2,-7.44,-7.42,-5.74,-8.94,0.0
dude_1508_1,-7.05,-7.15,-5.35,-8.73,0.0
dude_1509_1,-8.14,-8.15,-5.94,-10.22,0.0
dude_151_9,-5.92,-5.95,-4.46,-7.17,0.0
dude_1510_4,-6.58,-6.48,-4.97,-8.29,0.0
dude_1511_5,-7.22,-7.31,-5.61,-9.14,0.0
dude_1512_1,-7.41,-7.38,-5.52,-9.56,0.0
dude_1513_2,-6.51,-6.6,-4.65,-7.86,0.0
dude_1514_2,-7.43,-7.5,-4.67,-10.22,0.0
dude_1515_5,-6.76,-6.71,-5.19,-8.16,0.0
dude_1516_1,-7.24,-7.31,-4.95,-9.84,0.0
dude_1517_5,-5.4,-5.23,-3.94,-7.66,0.0
dude_1518_2,-7.06,-6.97,-4.68,-9.36,0.0
dude_1519_1,-6.9,-6.87,-4.0,-9.7,0.0
dude_152_2,-6.38,-6.1,-4.93,-7.95,0.0
dude_1520_1,-6.98,-6.83,-4.7,-9.7,0.0
dude_1521_4,-7.24,-7.36,-5.63,-8.61,0.0
dude_1522_5,-7.45,-7.47,-5.91,-9.56,0.0
dude_1523_1,-7.86,-7.87,-6.05,-9.38,0.0
dude_1524_7,-6.71,-6.61,-4.47,-8.98,0.0
dude_1525_2,-7.2,-7.0,-5.2,-9.16,0.0
dude_1526_6,-6.91,-6.86,-4.98,-8.3,0.0
dude_1527_3,-6.65,-6.73,-4.77,-8.41,0.0
dude_1528_1,-7.71,-7.77,-6.51,-8.76,0.0
dude_1529_2,-6.75,-6.58,-4.4,-8.6,0.0
dude_153_7,-6.52,-6.6,-5.07,-7.94,0.0
dude_1530_3,-7.78,-7.74,-6.4,-9.23,0.0
dude_1531_1,-6.66,-6.72,-5.1,-8.56,0.0
dude_1532_2,-7.21,-7.14,-4.86,-10.3,0.0
dude_1533_3,-6.22,-6.25,-4.74,-7.92,0.0
dude_1534_2,-7.3,-7.29,-5.38,-9.02,0.0
dude_1535_2,-7.46,-7.57,-5.33,-8.5,0.0
dude_1536_1,-6.28,-6.14,-4.79,-8.3,0.0
dude_1537_8,-7.28,-7.4,-5.66,-8.68,0.0
dude_1538_12,-7.29,-7.44,-6.08,-7.91,0.0
dude_1539_1,-7.13,-7.14,-5.38,-9.13,0.0
dude_154_2,-6.06,-6.07,-4.73,-7.22,0.0
dude_1540_1,-7.81,-7.74,-5.84,-10.11,0.0
dude_1541_4,-6.63,-6.59,-5.18,-8.13,0.0
dude_1542_2,-7.14,-7.0,-5.26,-9.35,0.0
dude_1543_25,-5.94,-6.16,-4.27,-7.36,0.0
dude_1544_2,-7.83,-7.8,-5.8,-10.64,0.0
dude_1545_1,-6.7,-6.53,-4.88,-8.66,0.0
dude_1546_3,-7.96,-8.04,-5.22,-9.36,0.0
dude_1547_28,-6.66,-6.71,-5.43,-7.64,0.0
dude_1548_1,-15.56,-15.7,-12.21,-17.86,0.0
dude_1549_1,-7.45,-7.22,-5.29,-10.2,0.0
dude_155_1,-6.93,-6.94,-4.78,-9.28,0.0
dude_1550_2,-6.8,-6.72,-5.46,-8.06,0.0
dude_156_1,-6.58,-6.34,-5.02,-8.25,0.0
dude_157_7,-5.99,-6.01,-4.77,-6.94,0.0
dude_158_1,-6.94,-6.93,-5.16,-8.56,0.0
dude_159_3,-6.13,-6.01,-4.18,-8.05,0.0
dude_16_1,-7.07,-6.89,-5.07,-9.45,0.0
dude_160_3,-6.16,-6.24,-4.21,-8.49,0.0
dude_161_22,-6.15,-6.22,-4.89,-7.17,0.0
dude_162_1,-6.15,-6.06,-3.55,-9.36,0.0
dude_163_1,-6.72,-6.65,-4.53,-9.88,0.0
dude_164_1,-6.37,-6.19,-3.98,-9.16,0.0
dude_165_1,-6.03,-5.93,-3.94,-8.69,0.0
dude_166_2,-5.67,-5.4,-3.73,-8.35,0.0
dude_167_4,-6.56,-6.54,-5.27,-7.67,0.0
dude_168_12,-6.11,-6.1,-4.92,-7.17,0.0
dude_169_5,-6.64,-6.56,-4.55,-8.82,0.0
dude_17_13,-4.91,-4.86,-3.94,-6.04,0.0
dude_170_1,-6.27,-6.15,-4.37,-8.4,0.0
dude_171_3,-6.34,-6.26,-4.77,-8.06,0.0
dude_172_1,-5.91,-5.72,-3.73,-8.27,0.0
dude_173_16,-5.78,-5.92,-3.53,-6.94,0.0
dude_174_4,-5.9,-5.96,-3.1,-8.97,0.0
dude_175_27,-5.24,-5.24,-3.52,-6.35,0.0
dude_176_2,-5.71,-5.66,-3.73,-7.89,0.0
dude_177_4,-6.19,-6.2,-4.29,-7.82,0.0
dude_178_11,-6.32,-6.3,-5.16,-7.37,0.0
dude_179_2,-6.58,-6.56,-4.92,-8.83,0.0
dude_18_7,-5.69,-5.63,-3.63,-7.84,0.0
dude_180_4,-6.04,-5.93,-4.02,-8.3,0.0
dude_181_4,-6.16,-6.18,-4.0,-8.17,0.0
dude_182_4,-6.6,-6.53,-4.58,-8.27,0.0
dude_183_1,-6.17,-6.24,-4.35,-8.62,0.0
dude_184_3,-6.13,-6.03,-4.91,-8.2,0.0
dude_185_7,-6.19,-6.3,-4.69,-7.18,0.0
dude_186_3,-6.66,-6.65,-4.49,-8.67,0.0
dude_187_2,-6.33,-6.31,-4.7,-8.32,0.0
dude_188_1,-6.44,-6.48,-5.23,-8.06,0.0
dude_189_2,-5.99,-6.1,-3.05,-8.99,0.0
dude_19_6,-4.76,-4.75,-3.41,-5.7,0.0
dude_190_3,-6.14,-6.08,-3.81,-9.99,0.0
dude_191_2,-6.01,-5.97,-4.5,-7.46,0.0
dude_192_2,-6.03,-5.97,-4.44,-8.26,0.0
dude_193_1,-6.81,-6.82,-4.53,-8.95,0.0
dude_194_2,-5.9,-5.76,-4.74,-7.23,0.0
dude_195_9,-6.0,-6.07,-4.21,-7.13,0.0
dude_196_1,-6.25,-6.19,-3.89,-8.03,0.0
dude_197_3,-6.29,-6.24,-4.38,-7.74,0.0
dude_198_54,-4.65,-4.75,-3.45,-5.77,0.0
dude_199_1,-5.71,-5.69,-3.99,-8.27,0.0
dude_2_1,-7.24,-7.33,-4.83,-9.35,0.0
dude_20_1,-7.22,-7.28,-5.43,-9.21,0.0
dude_200_6,-6.18,-6.22,-4.86,-7.23,0.0
dude_201_1,-6.27,-6.28,-4.38,-8.01,0.0
dude_202_1,-5.58,-5.37,-3.97,-7.31,0.0
dude_203_17,-5.99,-5.95,-4.66,-6.86,0.0
dude_204_2,-6.76,-6.52,-5.11,-9.1,0.0
dude_205_7,-6.27,-6.43,-4.82,-6.62,0.0
dude_206_14,-6.73,-6.7,-5.59,-8.27,0.0
dude_207_24,-4.89,-4.82,-3.56,-6.15,0.0
dude_208_7,-6.53,-6.64,-4.44,-7.61,0.0
dude_209_2,-6.24,-6.27,-5.06,-7.6,0.0
dude_21_2,-6.48,-6.3,-5.73,-7.3,0.0
dude_210_1,-7.56,-7.56,-5.81,-8.66,0.0
dude_211_10,-5.92,-5.98,-4.75,-6.49,0.0
dude_212_2,-6.5,-6.54,-4.79,-7.64,0.0
dude_213_1,-7.61,-7.5,-4.99,-10.38,0.0
dude_214_6,-15.29,-15.38,-11.96,-17.3,0.0
dude_215_1,-6.91,-6.86,-5.59,-8.17,0.0
dude_216_1,-6.25,-6.21,-4.03,-7.88,0.0
dude_217_1,-6.15,-6.06,-4.47,-7.69,0.0
dude_218_6,-6.88,-6.93,-4.82,-8.2,0.0
dude_219_1,-5.9,-5.89,-4.61,-7.55,0.0
dude_22_2,-6.93,-6.97,-4.94,-9.23,0.0
dude_220_1,-6.66,-6.74,-4.99,-8.46,0.0
dude_221_4,-6.59,-6.58,-4.71,-7.93,0.0
dude_222_1,-6.85,-6.71,-5.38,-8.9,0.0
dude_223_1,-6.18,-6.18,-4.88,-7.97,0.0
dude_224_1,-6.78,-6.91,-4.3,-9.41,0.0
dude_225_3,-6.69,-6.66,-5.69,-7.64,0.0
dude_226_11,-5.55,-5.58,-4.44,-6.45,0.0
dude_227_10,-6.25,-6.26,-3.61,-7.7,0.0
dude_228_8,-5.65,-5.65,-4.01,-7.24,0.0
dude_229_3,-6.81,-6.74,-5.14,-8.95,0.0
dude_23_3,-5.72,-5.76,-3.21,-8.24,0.0
dude_230_13,-6.53,-6.47,-5.11,-7.52,0.0
dude_231_13,-5.99,-6.03,-5.22,-6.57,0.0
dude_232_2,-7.46,-7.53,-6.05,-7.56,0.0
dude_233_6,-5.8,-5.9,-4.66,-6.91,0.0
dude_234_3,-6.18,-6.08,-4.57,-8.22,0.0
dude_235_1,-6.85,-6.77,-4.77,-9.29,0.0
dude_236_6,-7.62,-7.74,-6.09,-8.74,0.0
dude_237_27,-5.93,-5.83,-4.82,-6.93,0.0
dude_238_1,-13.88,-13.91,-10.27,-15.84,0.0
dude_239_1,-6.52,-6.53,-4.6,-8.4,0.0
dude_24_1,-7.14,-7.06,-5.53,-8.76,0.0
dude_240_2,-7.05,-6.8,-5.23,-9.48,0.0
dude_241_5,-6.41,-6.45,-4.95,-6.65,0.0
dude_242_3,-7.17,-7.22,-5.6,-7.27,0.0
dude_243_7,-5.73,-5.74,-4.05,-6.92,0.0
dude_244_1,-6.77,-6.79,-5.1,-8.3,0.0
dude_245_1,-6.21,-6.28,-4.39,-7.39,0.0
dude_246_1,-6.51,-6.51,-4.65,-8.61,0.0
dude_247_12,-5.25,-5.42,-3.42,-6.56,0.0
dude_248_7,-6.11,-6.04,-4.73,-7.11,0.0
dude_249_34,-5.44,-5.48,-3.98,-6.66,0.0
dude_25_62,-5.78,-5.91,-4.48,-6.53,0.0
dude_250_2,-7.27,-7.28,-5.07,-8.83,0.0
dude_251_1,-7.28,-7.24,-5.95,-9.02,0.0
dude_252_4,-6.84,-6.92,-4.5,-9.03,0.0
dude_253_4,-6.72,-6.74,-5.22,-7.85,0.0
dude_254_4,-7.19,-7.22,-5.39,-8.53,0.0
dude_255_3,-14.75,-14.88,-11.48,-17.05,0.0
dude_256_1,-7.21,-7.4,-5.07,-9.19,0.0
dude_257_1,-6.24,-6.1,-4.22,-9.17,0.0
dude_258_4,-6.45,-6.58,-5.33,-7.23,0.0
dude_259_2,-6.58,-6.7,-4.61,-8.86,0.0
dude_26_7,-6.38,-6.45,-5.31,-7.02,0.0
dude_260_4,-7.62,-7.84,-5.15,-8.74,0.0
dude_261_4,-6.82,-6.73,-5.41,-8.37,0.0
dude_262_18,-5.84,-5.9,-4.57,-6.64,0.0
dude_263_2,-5.83,-5.82,-4.26,-7.46,0.0
dude_264_5,-6.72,-6.78,-5.3,-7.73,0.0
dude_265_5,-5.97,-6.05,-4.44,-8.48,0.0
dude_266_1,-7.53,-7.55,-5.12,-9.73,0.0
dude_267_3,-7.06,-7.07,-5.63,-8.71,0.0
dude_268_1,-6.96,-7.07,-5.12,-8.1,0.0
dude_269_1,-5.87,-5.81,-3.89,-7.08,0.0
dude_27_1,-6.75,-6.77,-5.1,-8.43,0.0
dude_270_1,-16.19,-16.36,-11.24,-18.34,0.0
dude_271_26,-4.27,-4.25,-3.34,-5.09,0.0
dude_272_6,-6.85,-6.86,-5.52,-8.09,0.0
dude_273_3,-6.14,-6.26,-4.71,-7.21,0.0
dude_274_6,-6.15,-6.0,-4.1,-8.41,0.0
dude_275_9,-5.34,-5.34,-4.37,-6.45,0.0
dude_276_1,-6.73,-6.61,-4.65,-8.45,0.0
dude_277_13,-6.12,-6.2,-4.7,-7.39,0.0
dude_278_1,-6.34,-6.32,-4.58,-8.9,0.0
dude_279_1,-6.71,-6.76,-5.16,-8.37,0.0
dude_28_1,-6.44,-6.46,-4.61,-8.92,0.0
dude_280_6,-7.11,-7.33,-5.89,-8.35,0.0
dude_281_2,-6.74,-6.53,-5.52,-9.3,0.0
dude_282_3,-7.12,-7.42,-4.81,-9.08,0.0
dude_283_1,-7.41,-7.42,-4.96,-9.26,0.0
dude_284_7,-6.05,-6.09,-3.74,-7.83,0.0
dude_285_1,-8.36,-8.24,-6.67,-10.88,0.0
dude_286_1,-7.61,-7.6,-6.14,-8.63,0.0
dude_287_3,-6.23,-6.23,-4.86,-7.31,0.0
dude_288_4,-14.75,-14.76,-12.73,-16.77,0.0
dude_289_3,-6.9,-6.72,-5.39,-8.1,0.0
dude_29_4,-5.88,-5.81,-4.45,-7.4,0.0
dude_290_2,-6.13,-6.2,-4.29,-7.61,0.0
dude_291_1,-7.25,-7.19,-4.92,-10.05,0.0
dude_292_2,-7.48,-7.4,-6.13,-9.36,0.0
dude_293_3,-6.41,-6.46,-4.72,-7.85,0.0
dude_294_1,-8.11,-8.15,-5.54,-9.96,0.0
dude_295_9,-7.3,-7.37,-5.16,-8.34,0.0
dude_296_4,-6.07,-6.14,-4.27,-7.4,0.0
dude_297_12,-6.34,-6.38,-5.23,-7.26,0.0
dude_298_17,-6.08,-6.06,-4.81,-7.2,0.0
dude_299_2,-8.17,-8.03,-5.41,-10.51,0.0
dude_3_3,-6.08,-6.42,-4.28,-6.8,0.0
dude_30_1,-6.07,-5.94,-3.72,-9.21,0.0
dude_300_12,-6.13,-6.3,-5.1,-6.55,0.0
dude_301_1,-5.88,-5.79,-4.44,-8.55,0.0
dude_302_6,-6.54,-6.53,-5.22,-7.81,0.0
dude_303_10,-5.66,-5.76,-4.53,-6.25,0.0
dude_304_1,-7.18,-7.27,-5.26,-8.33,0.0
dude_305_1,-7.14,-7.13,-5.93,-8.14,0.0
dude_306_1,-7.8,-7.67,-5.95,-9.36,0.0
dude_307_1,-7.35,-7.47,-5.43,-9.3,0.0
dude_308_5,-6.44,-6.47,-4.89,-7.77,0.0
dude_309_3,-6.53,-6.36,-3.46,-9.24,0.0
dude_31_5,-5.73,-5.8,-3.8,-6.86,0.0
dude_310_3,-7.09,-7.1,-5.61,-7.84,0.0
dude_311_2,-6.85,-7.01,-5.1,-7.58,0.0
dude_312_1,-6.27,-6.22,-4.7,-8.01,0.0
dude_313_2,-6.81,-6.62,-5.16,-8.54,0.0
dude_314_2,-7.07,-7.0,-4.88,-9.4,0.0
dude_315_9,-6.29,-6.29,-4.87,-7.29,0.0
dude_316_4,-6.14,-6.36,-4.12,-7.22,0.0
dude_317_5,-5.93,-5.91,-5.22,-6.65,0.0
dude_318_8,-6.46,-6.54,-5.01,-7.41,0.0
dude_319_9,-6.02,-5.99,-4.5,-7.02,0.0
dude_32_1,-7.21,-7.15,-4.99,-9.62,0.0
dude_320_1,-7.0,-7.07,-4.67,-9.66,0.0
dude_321_1,-8.29,-8.11,-6.18,-11.6,0.0
dude_322_6,-6.32,-6.38,-4.49,-7.78,0.0
dude_323_1,-7.51,-7.6,-4.92,-9.13,0.0
dude_324_9,-5.86,-5.88,-5.2,-6.24,0.0
dude_325_4,-5.45,-5.37,-4.35,-7.47,0.0
dude_326_12,-6.82,-6.8,-5.3,-7.94,0.0
dude_327_2,-7.8,-7.92,-5.27,-8.17,0.0
dude_328_4,-6.54,-6.56,-5.09,-8.21,0.0
dude_329_1,-6.96,-6.95,-4.84,-8.08,0.0
dude_33_1,-5.93,-6.0,-4.11,-8.11,0.0
dude_330_2,-6.15,-6.09,-4.12,-8.01,0.0
dude_331_3,-5.45,-5.46,-4.67,-6.27,0.0
dude_332_4,-6.3,-6.35,-4.03,-8.03,0.0
dude_333_2,-6.48,-6.47,-4.6,-8.32,0.0
dude_334_1,-7.19,-7.15,-5.26,-8.69,0.0
dude_335_1,-5.81,-5.87,-4.32,-6.83,0.0
dude_336_2,-6.69,-6.71,-4.58,-7.97,0.0
dude_337_1,-6.44,-6.51,-4.24,-7.68,0.0
dude_338_2,-6.84,-6.98,-4.12,-8.05,0.0
dude_339_1,-6.82,-6.84,-5.1,-8.71,0.0
dude_34_7,-6.6,-6.65,-5.1,-7.42,0.0
dude_340_3,-6.61,-6.67,-5.13,-7.24,0.0
dude_341_1,-7.34,-7.64,-4.95,-7.76,0.0
dude_342_10,-5.82,-5.72,-4.35,-7.36,0.0
dude_343_2,-6.11,-6.0,-4.68,-7.41,0.0
dude_344_3,-6.11,-6.28,-4.41,-6.89,0.0
dude_345_1,-6.08,-5.99,-4.75,-7.92,0.0
dude_346_1,-6.32,-6.11,-4.33,-7.97,0.0
dude_347_2,-5.25,-5.29,-3.74,-6.52,0.0
dude_348_1,-6.58,-6.56,-4.03,-8.64,0.0
dude_349_1,-7.05,-7.06,-4.97,-9.05,0.0
dude_35_3,-6.03,-6.07,-4.18,-7.75,0.0
dude_350_5,-6.34,-6.38,-4.87,-7.37,0.0
dude_351_2,-6.46,-6.26,-4.85,-8.06,0.0
dude_352_1,-5.53,-5.6,-3.19,-7.48,0.0
dude_353_2,-6.52,-6.68,-4.51,-7.83,0.0
dude_354_10,-6.57,-6.58,-5.37,-7.71,0.0
dude_355_3,-6.99,-6.68,-5.09,-9.99,0.0
dude_356_4,-5.6,-5.67,-3.88,-7.44,0.0
dude_357_16,-5.91,-5.89,-4.61,-7.05,0.0
dude_358_1,-6.97,-6.92,-5.36,-8.12,0.0
dude_359_37,-5.75,-5.77,-4.47,-6.56,0.0
dude_36_10,-6.52,-6.59,-4.69,-6.75,0.0
dude_360_4,-6.22,-6.25,-3.92,-7.8,0.0
dude_361_1,-5.54,-5.52,-3.14,-7.83,0.0
dude_362_1,-7.48,-7.55,-4.88,-9.47,0.0
dude_363_6,-6.28,-6.14,-4.41,-8.32,0.0
dude_364_2,-6.27,-6.14,-4.02,-8.68,0.0
dude_365_1,-6.08,-6.06,-4.21,-7.31,0.0
dude_366_9,-6.73,-6.76,-5.74,-7.33,0.0
dude_367_2,-6.7,-6.76,-5.42,-8.02,0.0
dude_368_12,-6.54,-6.61,-4.87,-7.49,0.0
dude_369_1,-7.52,-7.58,-4.5,-9.53,0.0
dude_37_7,-6.67,-6.68,-5.26,-7.83,0.0
dude_370_6,-6.64,-6.67,-4.35,-7.94,0.0
dude_371_4,-6.64,-6.6,-5.38,-7.11,0.0
dude_372_15,-5.91,-6.0,-5.11,-6.3,0.0
dude_373_1,-6.94,-6.93,-4.81,-9.44,0.0
dude_374_17,-6.12,-6.12,-4.97,-7.08,0.0
dude_375_3,-6.47,-6.51,-4.79,-8.02,0.0
dude_376_2,-7.02,-6.85,-5.1,-8.59,0.0
dude_377_9,-5.67,-5.5,-4.57,-6.58,0.0
dude_378_5,-6.47,-6.51,-4.77,-8.18,0.0
dude_379_4,-5.7,-5.52,-4.37,-7.37,0.0
dude_38_6,-7.2,-7.36,-4.77,-8.6,0.0
dude_380_1,-7.0,-7.03,-4.61,-8.57,0.0
dude_381_5,-6.07,-5.96,-4.91,-7.56,0.0
dude_382_1,-7.08,-7.12,-5.22,-8.87,0.0
dude_383_1,-6.88,-6.98,-4.96,-8.71,0.0
dude_384_2,-6.04,-5.91,-4.58,-7.81,0.0
dude_385_11,-6.68,-6.7,-5.02,-7.52,0.0
dude_386_4,-6.52,-6.56,-4.55,-7.9,0.0
dude_387_5,-6.1,-6.02,-5.0,-7.56,0.0
dude_388_3,-5.56,-5.68,-3.68,-7.9,0.0
dude_389_15,-5.97,-5.98,-4.2,-6.99,0.0
dude_39_1,-8.8,-8.97,-6.34,-9.12,0.0
dude_390_1,-6.23,-6.16,-4.45,-8.0,0.0
dude_391_6,-6.47,-6.5,-5.41,-6.87,0.0
dude_392_6,-6.52,-6.43,-5.11,-8.16,0.0
dude_393_2,-8.12,-8.25,-6.13,-8.8,0.0
dude_394_3,-7.05,-7.02,-5.77,-7.61,0.0
dude_395_1,-6.5,-6.55,-4.73,-8.63,0.0
dude_396_58,-4.67,-4.7,-3.02,-5.65,0.0
dude_397_2,-6.87,-6.95,-5.11,-8.48,0.0
dude_398_1,-6.66,-6.66,-4.85,-8.02,0.0
dude_399_22,-6.41,-6.55,-5.04,-7.4,0.0
dude_4_5,-6.3,-6.28,-5.15,-7.56,0.0
dude_40_1,-7.06,-6.92,-5.76,-8.39,0.0
dude_400_1,-7.26,-7.35,-4.27,-9.93,0.0
dude_401_2,-7.01,-7.16,-4.91,-7.65,0.0
dude_402_3,-5.63,-5.66,-3.73,-6.76,0.0
dude_403_4,-6.72,-6.76,-5.11,-7.77,0.0
dude_404_9,-5.41,-5.42,-4.86,-5.76,0.0
dude_405_13,-6.28,-6.25,-5.17,-6.81,0.0
dude_406_3,-5.91,-5.99,-3.47,-7.24,0.0
dude_407_10,-5.83,-5.86,-4.6,-6.9,0.0
dude_408_3,-6.57,-6.58,-4.54,-8.51,0.0
dude_409_1,-7.6,-7.98,-4.95,-8.23,0.0
dude_41_1,-7.03,-7.18,-5.41,-7.9,0.0
dude_410_8,-5.19,-5.28,-3.75,-6.13,0.0
dude_411_5,-6.23,-6.41,-4.9,-6.67,0.0
dude_412_1,-6.11,-6.06,-4.25,-8.09,0.0
dude_413_1,-5.77,-5.63,-4.2,-7.87,0.0
dude_414_10,-6.36,-6.38,-4.76,-7.11,0.0
dude_415_5,-6.51,-6.53,-5.31,-7.05,0.0
dude_416_7,-6.17,-6.17,-5.16,-6.52,0.0
dude_417_2,-6.61,-6.63,-4.88,-8.26,0.0
dude_418_3,-4.14,-4.21,-2.17,-5.28,0.0
dude_419_2,-6.18,-6.11,-4.24,-8.08,0.0
dude_42_11,-6.32,-6.37,-4.99,-7.21,0.0
dude_420_2,-5.55,-5.58,-3.69,-6.78,0.0
dude_421_1,-4.77,-4.84,-3.5,-5.96,0.0
dude_422_3,-5.93,-6.06,-3.48,-7.69,0.0
dude_423_2,-6.2,-6.1,-5.0,-7.49,0.0
dude_424_1,-6.76,-6.76,-4.86,-9.93,0.0
dude_425_19,-6.11,-6.12,-4.98,-7.21,0.0
dude_426_12,-5.7,-5.77,-4.25,-6.72,0.0
dude_427_6,-6.57,-6.56,-5.31,-7.96,0.0
dude_428_11,-5.47,-5.44,-4.14,-6.2,0.0
dude_429_7,-6.34,-6.38,-4.75,-8.09,0.0
dude_43_2,-6.98,-6.93,-5.24,-8.89,0.0
dude_430_1,-6.99,-6.96,-5.55,-7.92,0.0
dude_431_8,-14.03,-14.05,-11.63,-15.88,0.0
dude_432_3,-6.19,-6.2,-4.26,-8.2,0.0
dude_433_6,-6.21,-6.36,-4.78,-7.21,0.0
dude_434_4,-6.51,-6.51,-5.46,-6.85,0.0
dude_435_3,-6.2,-6.12,-4.75,-8.26,0.0
dude_436_9,-4.97,-5.02,-3.86,-5.42,0.0
dude_437_1,-6.03,-6.06,-4.08,-8.03,0.0
dude_438_5,-6.23,-6.25,-4.99,-6.84,0.0
dude_439_2,-6.63,-6.58,-4.74,-8.29,0.0
dude_44_6,-6.38,-6.34,-4.97,-7.49,0.0
dude_440_4,-6.02,-6.0,-4.3,-7.15,0.0
dude_441_7,-6.39,-6.35,-4.61,-7.68,0.0
dude_442_1,-7.4,-7.37,-5.69,-9.17,0.0
dude_443_1,-6.69,-6.6,-5.05,-8.82,0.0
dude_444_1,-6.12,-6.06,-4.47,-8.24,0.0
dude_445_11,-13.69,-13.8,-11.87,-15.08,0.0
dude_446_13,-5.38,-5.38,-4.09,-6.73,0.0
dude_447_10,-5.5,-5.48,-3.66,-6.65,0.0
dude_448_6,-5.51,-5.56,-4.04,-7.04,0.0
dude_449_9,-5.39,-5.39,-4.26,-6.35,0.0
dude_45_12,-5.22,-5.15,-3.74,-6.7,0.0
dude_450_17,-6.02,-6.06,-4.22,-6.79,0.0
dude_451_4,-5.95,-6.09,-4.3,-6.97,0.0
dude_452_2,-7.01,-7.08,-5.05,-9.08,0.0
dude_453_7,-7.3,-7.3,-5.61,-8.67,0.0
dude_454_14,-6.12,-6.18,-4.55,-7.54,0.0
dude_455_6,-6.38,-6.46,-5.76,-6.58,0.0
dude_456_11,-5.79,-5.88,-3.63,-7.01,0.0
dude_457_4,-6.97,-6.82,-4.86,-8.44,0.0
dude_458_3,-7.71,-7.76,-5.96,-9.43,0.0
dude_459_3,-7.59,-7.7,-6.07,-8.83,0.0
dude_46_3,-6.6,-6.42,-2.48,-9.72,0.0
dude_460_23,-4.75,-4.86,-2.79,-6.16,0.0
dude_461_1,-8.55,-8.81,-5.59,-10.02,0.0
dude_462_2,-6.78,-6.77,-4.56,-9.05,0.0
dude_463_24,-6.2,-6.27,-5.38,-6.71,0.0
dude_464_1,-6.91,-6.88,-5.17,-8.83,0.0
dude_465_3,-7.34,-7.27,-5.8,-9.22,0.0
dude_466_7,-6.31,-6.23,-4.94,-7.5,0.0
dude_467_4,-6.19,-6.24,-4.35,-8.59,0.0
dude_468_1,-7.08,-6.99,-4.83,-8.67,0.0
dude_469_8,-7.1,-7.1,-5.2,-9.48,0.0
dude_47_2,-7.2,-7.38,-5.52,-7.61,0.0
dude_470_2,-7.56,-7.6,-6.43,-9.13,0.0
dude_471_1,-6.41,-6.28,-4.37,-8.0,0.0
dude_472_2,-7.44,-7.45,-5.31,-10.29,0.0
dude_473_1,-6.85,-6.64,-4.94,-9.48,0.0
dude_474_14,-6.27,-5.91,-4.47,-8.56,0.0
dude_475_3,-6.98,-6.86,-4.82,-8.85,0.0
dude_476_1,-6.55,-6.64,-4.76,-8.16,0.0
dude_477_3,-7.87,-7.87,-6.76,-8.08,0.0
dude_478_1,-6.86,-6.71,-5.19,-8.87,0.0
dude_479_3,-5.75,-5.81,-4.36,-7.5,0.0
dude_48_20,-6.32,-6.38,-4.89,-7.49,0.0
dude_480_3,-6.43,-6.22,-5.37,-7.44,0.0
dude_481_2,-7.23,-7.27,-6.05,-8.78,0.0
dude_482_2,-6.6,-6.45,-4.42,-8.72,0.0
dude_483_1,-6.97,-7.0,-4.62,-8.92,0.0
dude_484_15,-6.36,-6.43,-4.04,-7.28,0.0
dude_485_21,-5.17,-5.21,-3.42,-6.4,0.0
dude_486_15,-5.13,-5.26,-3.2,-6.44,0.0
dude_487_1,-6.87,-6.66,-5.32,-8.92,0.0
dude_488_4,-7.25,-7.32,-4.8,-8.12,0.0
dude_489_1,-6.49,-6.38,-4.72,-8.68,0.0
dude_49_1,-6.16,-6.24,-4.31,-8.27,0.0
dude_490_12,-6.34,-6.31,-4.68,-7.4,0.0
dude_491_1,-6.78,-6.76,-4.52,-10.22,0.0
dude_492_8,-7.07,-7.12,-5.22,-8.59,0.0
dude_493_2,-6.14,-6.04,-4.04,-9.16,0.0
dude_494_1,-7.08,-6.95,-3.76,-9.54,0.0
dude_495_7,-6.66,-6.84,-3.83,-9.25,0.0
dude_496_1,-7.06,-7.05,-5.3,-9.93,0.0
dude_497_1,-6.76,-6.8,-5.06,-8.85,0.0
dude_498_16,-6.4,-6.47,-5.02,-7.55,0.0
dude_499_61,-4.96,-4.92,-2.98,-6.22,0.0
dude_5_1,-6.05,-6.0,-3.97,-7.86,0.0
dude_50_2,-7.63,-7.69,-6.42,-7.82,0.0
dude_500_15,-7.45,-7.56,-6.29,-8.23,0.0
dude_501_2,-5.89,-5.92,-4.36,-8.26,0.0
dude_502_1,-7.43,-7.34,-4.23,-11.1,0.0
dude_503_8,-4.77,-4.81,-3.21,-6.43,0.0
dude_504_1,-6.85,-6.95,-4.7,-8.29,0.0
dude_505_2,-5.68,-5.72,-3.92,-8.0,0.0
dude_506_26,-4.7,-4.63,-3.28,-6.13,0.0
dude_507_11,-5.6,-5.6,-3.79,-7.37,0.0
dude_508_13,-5.69,-5.72,-3.85,-6.98,0.0
dude_509_5,-4.92,-4.86,-3.88,-6.04,0.0
dude_51_11,-7.09,-7.24,-5.93,-7.59,0.0
dude_510_1,-5.75,-5.77,-4.25,-8.57,0.0
dude_511_2,-6.91,-7.0,-4.85,-9.47,0.0
dude_512_10,-5.58,-5.39,-3.67,-7.49,0.0
dude_513_2,-5.82,-5.84,-3.82,-7.53,0.0
dude_514_5,-5.7,-5.81,-2.38,-7.99,0.0
dude_515_6,-6.02,-5.97,-4.13,-7.93,0.0
dude_516_96,-4.46,-4.52,-3.51,-4.92,0.0
dude_517_6,-5.7,-5.99,-3.74,-8.17,0.0
dude_518_15,-5.5,-5.46,-4.02,-6.54,0.0
dude_519_1,-6.31,-6.18,-4.58,-8.21,0.0
dude_52_1,-7.17,-7.2,-5.56,-9.04,0.0
dude_520_8,-3.48,-3.29,-2.31,-5.28,0.0
dude_521_2,-7.24,-7.31,-5.56,-7.34,0.0
dude_522_11,-6.09,-6.14,-4.89,-6.9,0.0
dude_523_5,-4.94,-4.98,-3.21,-6.08,0.0
dude_524_8,-5.65,-5.53,-3.57,-7.21,0.0
dude_525_11,-5.7,-5.67,-4.33,-6.79,0.0
dude_526_5,-5.7,-5.84,-3.75,-7.04,0.0
dude_527_17,-5.74,-5.72,-4.37,-6.82,0.0
dude_528_43,-3.9,-3.91,-2.31,-5.13,0.0
dude_529_4,-6.08,-5.97,-4.78,-8.01,0.0
dude_53_3,-6.03,-5.95,-4.43,-7.61,0.0
dude_530_6,-4.58,-4.48,-3.5,-5.71,0.0
dude_531_5,-4.48,-4.43,-3.18,-6.09,0.0
dude_532_11,-5.28,-5.24,-4.33,-6.47,0.0
dude_533_5,-4.21,-4.25,-2.92,-4.95,0.0
dude_534_2,-6.47,-6.39,-4.79,-8.5,0.0
dude_535_17,-4.43,-4.46,-3.33,-5.28,0.0
dude_536_20,-5.27,-5.23,-3.99,-6.53,0.0
dude_537_7,-5.99,-6.07,-4.24,-7.67,0.0
dude_538_2,-5.51,-5.24,-3.89,-6.89,0.0
dude_539_6,-5.95,-5.83,-4.17,-7.49,0.0
dude_54_54,-6.31,-6.36,-5.33,-6.63,0.0
dude_540_2,-6.51,-6.3,-4.82,-9.41,0.0
dude_541_10,-5.91,-5.87,-4.42,-6.93,0.0
dude_542_2,-6.41,-6.14,-5.07,-8.69,0.0
dude_543_8,-4.19,-4.21,-2.6,-5.46,0.0
dude_544_11,-5.62,-5.68,-3.85,-7.01,0.0
dude_545_4,-5.3,-5.2,-3.45,-7.99,0.0
dude_546_16,-5.25,-5.31,-4.31,-6.14,0.0
dude_547_1,-6.97,-6.99,-4.45,-8.8,0.0
dude_548_1,-6.85,-6.37,-5.0,-9.15,0.0
dude_549_44,-5.95,-5.96,-4.56,-6.79,0.0
dude_55_3,-6.55,-6.43,-5.08,-8.1,0.0
dude_550_27,-5.78,-5.68,-4.76,-6.83,0.0
dude_551_4,-6.96,-6.98,-4.86,-9.04,0.0
dude_552_1,-7.27,-7.2,-4.58,-9.68,0.0
dude_553_1,-5.34,-5.37,-3.57,-7.41,0.0
dude_554_11,-6.18,-6.18,-4.15,-7.73,0.0
dude_555_5,-7.22,-7.17,-5.49,-9.08,0.0
dude_556_1,-7.49,-7.4,-5.1,-10.61,0.0
dude_557_11,-6.85,-6.95,-5.12,-8.23,0.0
dude_558_14,-5.97,-5.9,-4.47,-7.39,0.0
dude_559_1,-6.87,-6.77,-5.34,-9.62,0.0
dude_56_5,-6.71,-6.54,-5.35,-8.68,0.0
dude_560_2,-6.58,-6.32,-4.13,-9.1,0.0
dude_561_3,-7.12,-7.1,-5.07,-8.7,0.0
dude_562_1,-8.02,-8.02,-5.56,-10.42,0.0
dude_563_2,-7.51,-7.44,-5.62,-9.59,0.0
dude_564_2,-7.18,-7.23,-4.85,-9.23,0.0
dude_565_4,-6.84,-7.06,-4.22,-8.52,0.0
dude_566_4,-7.06,-7.34,-4.83,-8.41,0.0
dude_567_1,-6.97,-7.06,-5.04,-9.34,0.0
dude_568_5,-6.79,-6.84,-4.9,-8.82,0.0
dude_569_7,-7.1,-7.02,-5.3,-8.29,0.0
dude_57_2,-7.48,-7.5,-5.13,-9.58,0.0
dude_570_1,-7.09,-7.06,-5.7,-8.99,0.0
dude_571_1,-7.43,-7.46,-5.08,-9.83,0.0
dude_572_1,-6.86,-6.94,-4.08,-9.6,0.0
dude_573_6,-7.26,-7.26,-5.99,-8.25,0.0
dude_574_1,-7.26,-7.36,-5.24,-9.08,0.0
dude_575_7,-6.44,-6.44,-5.15,-7.5,0.0
dude_576_1,-7.11,-6.88,-4.64,-10.22,0.0
dude_577_1,-7.53,-7.5,-6.02,-9.57,0.0
dude_578_3,-7.42,-7.6,-5.72,-8.62,0.0
dude_579_2,-7.12,-6.92,-5.81,-9.22,0.0
dude_58_2,-6.4,-6.46,-4.55,-8.95,0.0
dude_580_6,-6.96,-7.05,-4.47,-8.84,0.0
dude_581_1,-6.77,-6.71,-4.57,-9.06,0.0
dude_582_1,-6.85,-6.82,-5.38,-8.24,0.0
dude_583_3,-6.49,-6.48,-4.82,-8.21,0.0
dude_584_1,-7.15,-7.11,-3.72,-10.44,0.0
dude_585_4,-7.11,-7.05,-5.89,-8.53,0.0
dude_586_5,-7.79,-7.57,-6.68,-9.74,0.0
dude_587_1,-6.39,-6.38,-4.83,-8.15,0.0
dude_588_12,-6.46,-6.49,-5.29,-7.3,0.0
dude_589_2,-15.52,-15.45,-11.97,-18.59,0.0
dude_59_6,-6.7,-6.73,-5.62,-7.12,0.0
dude_590_11,-6.62,-6.69,-4.86,-7.9,0.0
dude_591_1,-7.57,-7.64,-5.86,-9.19,0.0
dude_592_6,-6.24,-6.24,-4.92,-7.61,0.0
dude_593_2,-8.12,-8.17,-6.24,-10.14,0.0
dude_594_1,-6.61,-6.51,-4.78,-9.05,0.0
dude_595_8,-7.42,-7.38,-6.38,-8.84,0.0
dude_596_1,-7.32,-7.34,-5.58,-9.15,0.0
dude_597_1,-6.85,-6.75,-4.34,-9.48,0.0
dude_598_3,-7.29,-7.43,-5.31,-8.2,0.0
dude_599_1,-7.91,-7.94,-6.27,-10.31,0.0
dude_6_3,-6.78,-6.72,-5.3,-7.81,0.0
dude_60_18,-5.74,-5.74,-4.15,-7.1,0.0
dude_600_1,-7.37,-7.39,-4.65,-11.0,0.0
dude_601_3,-5.99,-5.98,-5.05,-7.58,0.0
dude_602_1,-5.53,-5.49,-4.74,-7.55,0.0
dude_603_5,-6.17,-6.24,-4.71,-7.7,0.0
dude_604_3,-6.02,-6.05,-4.16,-7.15,0.0
dude_605_3,-5.73,-5.64,-4.0,-7.07,0.0
dude_606_1,-6.17,-6.28,-3.92,-7.77,0.0
dude_607_3,-5.93,-5.77,-4.47,-7.44,0.0
dude_608_5,-5.93,-5.99,-4.59,-6.69,0.0
dude_609_9,-5.31,-5.41,-3.29,-6.22,0.0
dude_61_7,-6.57,-6.69,-4.37,-8.27,0.0
dude_610_8,-5.66,-5.66,-4.7,-7.0,0.0
dude_611_5,-5.86,-5.86,-4.74,-6.95,0.0
dude_612_10,-5.74,-5.79,-4.17,-6.72,0.0
dude_613_1,-6.51,-6.68,-5.1,-7.25,0.0
dude_614_13,-4.29,-4.28,-2.57,-5.69,0.0
dude_615_1,-6.42,-6.54,-3.86,-8.64,0.0
dude_616_7,-5.77,-5.66,-4.37,-7.07,0.0
dude_617_1,-6.08,-6.02,-3.67,-8.46,0.0
dude_618_3,-5.99,-5.89,-4.62,-7.59,0.0
dude_619_2,-6.44,-6.46,-5.19,-8.05,0.0
dude_62_7,-6.45,-6.42,-5.12,-7.63,0.0
dude_620_5,-5.61,-5.55,-4.15,-7.05,0.0
dude_621_7,-5.21,-5.17,-3.05,-6.84,0.0
dude_622_2,-5.65,-5.58,-3.71,-8.22,0.0
dude_623_17,-5.42,-5.51,-3.92,-6.32,0.0
dude_624_2,-14.83,-14.74,-12.76,-17.29,0.0
dude_625_1,-6.39,-6.38,-4.9,-7.44,0.0
dude_626_13,-5.58,-5.58,-4.54,-6.73,0.0
dude_627_7,-6.28,-6.24,-5.25,-7.33,0.0
dude_628_1,-6.04,-5.97,-4.64,-7.67,0.0
dude_629_5,-5.82,-5.74,-4.67,-6.89,0.0
dude_63_1,-7.82,-7.97,-5.22,-9.73,0.0
dude_630_1,-6.23,-6.14,-4.82,-8.2,0.0
dude_631_1,-7.44,-7.7,-5.55,-7.83,0.0
dude_632_16,-5.62,-5.66,-4.51,-6.58,0.0
dude_633_1,-6.97,-6.84,-5.38,-8.78,0.0
dude_634_1,-5.87,-5.88,-4.83,-6.96,0.0
dude_635_1,-7.07,-7.12,-5.44,-8.03,0.0
dude_636_4,-6.08,-6.18,-4.6,-7.05,0.0
dude_637_3,-5.68,-5.7,-4.29,-6.92,0.0
dude_638_1,-6.88,-6.7,-3.92,-10.07,0.0
dude_639_2,-7.23,-7.28,-5.22,-8.08,0.0
dude_64_20,-5.57,-5.54,-4.51,-6.21,0.0
dude_640_7,-5.51,-5.56,-3.96,-6.9,0.0
dude_641_2,-5.81,-5.74,-4.07,-8.11,0.0
dude_642_6,-5.79,-5.93,-4.47,-6.72,0.0
dude_643_1,-6.37,-6.27,-3.97,-8.88,0.0
dude_644_1,-5.56,-5.37,-3.37,-7.51,0.0
dude_645_1,-6.68,-6.83,-4.38,-8.2,0.0
dude_646_1,-7.08,-7.36,-5.08,-7.67,0.0
dude_647_1,-6.27,-6.06,-4.2,-8.89,0.0
dude_648_4,-5.37,-5.33,-3.7,-6.82,0.0
dude_649_1,-6.54,-6.48,-4.44,-9.06,0.0
dude_65_7,-7.42,-7.52,-4.88,-7.92,0.0
dude_650_5,-5.77,-5.84,-4.1,-6.33,0.0
dude_651_15,-6.46,-6.49,-5.47,-6.58,0.0
dude_652_1,-6.34,-6.2,-4.7,-9.0,0.0
dude_653_1,-7.89,-7.83,-6.01,-9.54,0.0
dude_654_3,-6.18,-6.13,-4.74,-7.4,0.0
dude_655_2,-6.8,-6.76,-5.26,-7.24,0.0
dude_656_1,-6.31,-6.67,-4.64,-7.36,0.0
dude_657_4,-5.98,-6.07,-4.4,-6.96,0.0
dude_658_1,-7.94,-7.96,-5.31,-9.33,0.0
dude_659_4,-6.67,-6.68,-5.03,-8.25,0.0
dude_66_2,-6.79,-6.74,-4.63,-8.73,0.0
dude_660_1,-7.44,-7.48,-4.68,-9.5,0.0
dude_661_1,-7.21,-6.86,-5.33,-10.14,0.0
dude_662_9,-6.36,-6.39,-4.99,-7.34,0.0
dude_663_1,-6.64,-6.54,-4.59,-8.07,0.0
dude_664_2,-6.21,-6.23,-4.88,-7.33,0.0
dude_665_1,-7.32,-7.3,-5.78,-8.89,0.0
dude_666_1,-5.72,-5.52,-3.55,-8.22,0.0
dude_667_1,-8.37,-8.42,-6.72,-8.44,0.0
dude_668_4,-6.36,-6.4,-4.7,-7.24,0.0
dude_669_2,-6.28,-6.19,-5.16,-7.02,0.0
dude_67_7,-7.06,-7.0,-4.94,-8.8,0.0
dude_670_6,-5.82,-5.84,-3.81,-7.05,0.0
dude_671_5,-5.56,-5.58,-3.74,-7.37,0.0
dude_672_1,-15.34,-15.33,-10.95,-18.19,0.0
dude_673_1,-5.85,-6.02,-4.31,-6.45,0.0
dude_674_1,-6.42,-6.24,-5.1,-8.11,0.0
dude_675_7,-5.86,-5.92,-4.36,-7.1,0.0
dude_676_11,-6.11,-6.07,-5.25,-7.56,0.0
dude_677_45,-5.41,-5.49,-4.31,-6.35,0.0
dude_678_7,-6.79,-6.85,-5.33,-6.95,0.0
dude_679_32,-3.76,-3.9,-2.84,-4.79,0.0
dude_68_9,-5.67,-5.72,-4.37,-6.66,0.0
dude_680_2,-6.42,-6.39,-4.96,-7.68,0.0
dude_681_9,-6.48,-6.42,-4.97,-8.09,0.0
dude_682_2,-6.18,-6.24,-3.61,-8.44,0.0
dude_683_2,-5.84,-5.82,-4.72,-7.27,0.0
dude_684_16,-5.35,-5.37,-3.91,-6.54,0.0
dude_685_1,-6.44,-6.42,-4.55,-8.6,0.0
dude_686_1,-7.23,-7.4,-4.78,-9.07,0.0
dude_687_20,-6.06,-6.14,-5.19,-6.76,0.0
dude_688_4,-5.83,-5.72,-4.13,-7.72,0.0
dude_689_4,-6.6,-6.9,-4.68,-7.39,0.0
dude_69_1,-6.49,-6.59,-5.5,-6.86,0.0
dude_690_2,-5.05,-5.04,-2.74,-7.65,0.0
dude_691_1,-6.86,-6.94,-5.23,-7.66,0.0
dude_692_42,-5.41,-5.35,-4.54,-6.27,0.0
dude_693_8,-5.57,-5.63,-4.06,-6.49,0.0
dude_694_2,-5.6,-5.53,-3.71,-7.51,0.0
dude_695_5,-6.14,-6.11,-4.33,-7.25,0.0
dude_696_1,-6.07,-6.01,-3.97,-7.48,0.0
dude_697_1,-6.17,-6.22,-4.71,-7.08,0.0
dude_698_3,-5.87,-5.78,-4.52,-7.66,0.0
dude_699_2,-5.63,-5.49,-4.16,-7.52,0.0
dude_7_2,-7.13,-7.13,-5.16,-8.49,0.0
dude_70_1,-6.87,-6.88,-4.92,-8.98,0.0
dude_700_18,-6.03,-6.18,-4.55,-6.88,0.0
dude_701_7,-6.21,-6.19,-4.99,-6.81,0.0
dude_702_6,-6.14,-6.02,-4.68,-8.16,0.0
dude_703_8,-5.89,-5.84,-4.52,-6.72,0.0
dude_704_4,-5.65,-5.69,-3.93,-7.23,0.0
dude_705_1,-4.24,-4.0,-2.23,-7.51,0.0
dude_706_10,-6.5,-6.48,-5.03,-7.49,0.0
dude_707_31,-5.54,-5.57,-4.5,-6.56,0.0
dude_708_1,-6.94,-6.9,-4.94,-8.96,0.0
dude_709_7,-6.97,-7.12,-5.18,-7.78,0.0
dude_71_9,-7.16,-7.12,-5.49,-9.13,0.0
dude_710_2,-6.1,-6.14,-4.78,-7.92,0.0
dude_711_1,-6.55,-6.45,-5.29,-8.35,0.0
dude_712_6,-5.66,-5.7,-3.91,-6.89,0.0
dude_713_4,-6.63,-6.6,-5.16,-8.3,0.0
dude_714_4,-6.44,-6.52,-4.48,-8.28,0.0
dude_715_1,-6.23,-6.36,-4.78,-7.32,0.0
dude_716_1,-7.12,-7.05,-5.11,-9.0,0.0
dude_717_1,-5.45,-5.43,-3.48,-7.39,0.0
dude_718_7,-5.24,-5.3,-3.46,-6.44,0.0
dude_719_11,-6.2,-6.32,-4.97,-6.83,0.0
dude_72_3,-7.29,-7.3,-6.04,-7.31,0.0
dude_720_1,-6.67,-6.61,-4.9,-8.76,0.0
dude_721_2,-6.54,-6.5,-4.55,-8.78,0.0
dude_722_4,-6.08,-5.99,-4.83,-7.29,0.0
dude_723_4,-6.7,-6.76,-5.08,-7.77,0.0
dude_724_6,-5.54,-5.41,-3.71,-7.04,0.0
dude_725_2,-6.56,-6.43,-4.54,-8.53,0.0
dude_726_1,-6.24,-6.34,-4.26,-7.71,0.0
dude_727_2,-6.53,-6.51,-4.41,-8.4,0.0
dude_728_1,-5.91,-5.88,-3.78,-8.93,0.0
dude_729_20,-5.25,-5.18,-3.72,-6.43,0.0
dude_73_15,-5.21,-5.12,-3.69,-6.48,0.0
dude_730_12,-5.96,-5.94,-4.8,-6.75,0.0
dude_731_1,-5.94,-5.96,-4.81,-6.3,0.0
dude_732_31,-5.36,-5.42,-4.01,-6.43,0.0
dude_733_52,-5.01,-5.13,-3.7,-5.97,0.0
dude_734_2,-3.56,-3.39,-2.69,-5.01,0.0
dude_735_1,-6.21,-6.26,-4.39,-8.07,0.0
dude_736_1,-5.74,-5.79,-3.88,-7.48,0.0
dude_737_8,-5.45,-5.49,-4.14,-6.32,0.0
dude_738_1,-6.31,-6.29,-4.17,-8.87,0.0
dude_739_1,-6.01,-5.92,-4.48,-7.87,0.0
dude_74_1,-7.58,-7.85,-4.68,-9.05,0.0
dude_740_14,-5.88,-5.79,-4.43,-6.89,0.0
dude_741_35,-5.31,-5.32,-4.28,-6.07,0.0
dude_742_2,-6.35,-6.22,-4.75,-7.94,0.0
dude_743_1,-6.32,-6.32,-3.69,-9.62,0.0
dude_744_12,-4.34,-4.38,-2.39,-5.57,0.0
dude_745_26,-4.3,-4.2,-2.84,-5.73,0.0
dude_746_1,-6.82,-6.84,-5.03,-7.91,0.0
dude_747_1,-7.17,-7.18,-5.21,-7.77,0.0
dude_748_2,-6.22,-6.16,-4.97,-7.83,0.0
dude_749_2,-6.42,-6.62,-4.15,-7.93,0.0
dude_75_6,-7.09,-7.09,-5.57,-8.14,0.0
dude_750_1,-6.9,-6.8,-4.39,-9.93,0.0
dude_751_9,-5.96,-5.98,-5.29,-6.06,0.0
dude_752_16,-5.89,-5.9,-4.23,-6.84,0.0
dude_753_6,-6.41,-6.28,-5.46,-7.65,0.0
dude_754_2,-6.91,-6.92,-5.22,-8.14,0.0
dude_755_4,-7.05,-6.96,-6.2,-8.25,0.0
dude_756_2,-6.47,-6.55,-5.59,-7.03,0.0
dude_757_4,-6.95,-6.95,-5.22,-8.29,0.0
dude_758_7,-5.76,-5.74,-4.25,-6.95,0.0
dude_759_3,-5.12,-5.07,-3.85,-6.42,0.0
dude_76_2,-6.95,-6.98,-5.92,-7.18,0.0
dude_760_18,-5.99,-6.0,-4.75,-6.73,0.0
dude_761_18,-6.0,-6.03,-5.18,-6.12,0.0
dude_762_1,-6.68,-6.55,-5.28,-9.99,0.0
dude_763_4,-6.76,-6.84,-5.35,-7.98,0.0
dude_764_7,-6.78,-6.81,-5.55,-7.92,0.0
dude_765_2,-6.32,-6.36,-4.61,-8.11,0.0
dude_766_3,-6.33,-6.14,-5.11,-8.44,0.0
dude_767_4,-5.92,-5.87,-4.73,-6.89,0.0
dude_768_2,-6.25,-6.27,-4.98,-8.77,0.0
dude_769_2,-6.79,-6.79,-5.3,-8.07,0.0
dude_77_17,-5.35,-5.44,-4.12,-6.09,0.0
dude_770_14,-6.48,-6.44,-5.32,-7.42,0.0
dude_771_3,-5.87,-5.76,-4.27,-7.88,0.0
dude_772_7,-6.34,-6.3,-5.31,-7.36,0.0
dude_773_4,-6.59,-6.49,-4.96,-7.98,0.0
dude_774_7,-6.09,-6.15,-4.59,-6.41,0.0
dude_775_3,-4.75,-4.84,-3.39,-5.98,0.0
dude_776_3,-6.6,-6.65,-5.02,-7.81,0.0
dude_777_5,-6.1,-6.18,-4.89,-7.42,0.0
dude_778_1,-4.69,-4.78,-2.72,-5.88,0.0
dude_779_2,-6.35,-6.21,-4.75,-9.13,0.0
dude_78_5,-7.08,-7.15,-5.8,-8.41,0.0
dude_780_1,-6.61,-6.48,-5.23,-7.71,0.0
dude_781_6,-6.42,-6.48,-5.32,-7.06,0.0
dude_782_29,-4.9,-4.97,-3.55,-5.93,0.0
dude_783_1,-8.23,-8.31,-6.45,-9.04,0.0
dude_784_9,-6.19,-6.24,-4.74,-7.28,0.0
dude_785_1,-7.19,-7.39,-5.43,-8.0,0.0
dude_786_1,-6.71,-6.37,-4.61,-9.79,0.0
dude_787_1,-7.38,-7.32,-5.17,-9.57,0.0
dude_788_1,-6.34,-6.36,-4.57,-7.95,0.0
dude_789_3,-6.1,-6.02,-4.07,-8.31,0.0
dude_79_1,-8.43,-8.34,-6.02,-10.38,0.0
dude_790_1,-6.61,-6.58,-4.66,-8.79,0.0
dude_791_8,-7.26,-7.31,-5.42,-8.44,0.0
dude_792_3,-5.91,-5.84,-4.51,-7.34,0.0
dude_793_4,-6.23,-6.1,-5.17,-7.42,0.0
dude_794_2,-6.5,-6.47,-5.15,-7.97,0.0
dude_795_2,-6.63,-6.57,-4.43,-8.79,0.0
dude_796_17,-5.52,-5.56,-4.09,-6.57,0.0
dude_797_16,-3.32,-3.3,-2.63,-4.31,0.0
dude_798_2,-15.52,-15.5,-13.05,-18.04,0.0
dude_799_7,-6.38,-6.41,-4.71,-7.63,0.0
dude_8_1,-7.07,-6.57,-4.29,-9.81,0.0
dude_80_5,-5.87,-5.98,-4.75,-6.94,0.0
dude_800_1,-6.08,-6.08,-5.01,-7.35,0.0
dude_801_5,-7.31,-7.59,-4.9,-8.48,0.0
dude_802_1,-6.67,-6.8,-4.92,-8.11,0.0
dude_803_2,-6.62,-6.6,-4.86,-8.58,0.0
dude_804_12,-6.4,-6.36,-4.65,-7.93,0.0
dude_805_9,-6.64,-6.64,-5.35,-7.75,0.0
dude_806_18,-6.87,-6.92,-5.2,-7.95,0.0
dude_807_1,-8.29,-8.36,-5.65,-9.09,0.0
dude_808_4,-6.84,-7.0,-5.27,-7.87,0.0
dude_809_1,-8.2,-8.21,-5.97,-9.46,0.0
dude_81_1,-6.91,-6.81,-5.41,-8.22,0.0
dude_810_2,-5.13,-5.13,-3.61,-6.65,0.0
dude_811_2,-7.11,-7.17,-4.8,-8.65,0.0
dude_812_11,-6.3,-6.12,-4.9,-7.92,0.0
dude_813_1,-8.06,-8.08,-6.13,-9.92,0.0
dude_814_2,-7.12,-7.1,-5.05,-8.98,0.0
dude_815_32,-5.31,-5.4,-3.8,-6.27,0.0
dude_816_1,-6.57,-6.46,-4.6,-7.99,0.0
dude_817_2,-7.38,-7.68,-5.12,-7.96,0.0
dude_818_4,-6.18,-6.16,-4.75,-8.19,0.0
dude_819_8,-5.35,-5.29,-4.24,-7.67,0.0
dude_82_3,-6.97,-6.91,-5.27,-8.59,0.0
dude_820_17,-6.51,-6.56,-5.67,-7.28,0.0
dude_821_5,-6.72,-6.7,-5.01,-7.92,0.0
dude_822_5,-7.36,-7.16,-5.05,-9.2,0.0
dude_823_3,-7.09,-7.06,-5.47,-8.51,0.0
dude_824_2,-6.5,-6.5,-4.53,-8.13,0.0
dude_825_2,-7.51,-7.58,-5.04,-9.03,0.0
dude_826_10,-5.68,-5.61,-3.59,-7.46,0.0
dude_827_3,-6.51,-6.47,-5.04,-7.98,0.0
dude_828_1,-6.94,-6.89,-5.01,-9.56,0.0
dude_829_41,-6.02,-6.05,-5.17,-6.53,0.0
dude_83_1,-7.89,-8.03,-5.52,-9.35,0.0
dude_830_6,-6.26,-6.1,-5.09,-7.78,0.0
dude_831_2,-7.46,-7.43,-4.87,-8.39,0.0
dude_832_6,-6.59,-6.54,-5.07,-8.3,0.0
dude_833_18,-5.07,-4.89,-4.17,-7.09,0.0
dude_834_1,-6.39,-6.33,-4.62,-9.17,0.0
dude_835_2,-7.54,-7.63,-5.02,-9.15,0.0
dude_836_2,-6.89,-6.81,-4.93,-8.04,0.0
dude_837_2,-6.71,-6.68,-4.93,-8.81,0.0
dude_838_1,-6.59,-6.6,-4.9,-9.18,0.0
dude_839_9,-5.98,-5.86,-4.9,-7.22,0.0
dude_84_3,-6.74,-6.77,-5.42,-8.15,0.0
dude_840_6,-6.22,-6.49,-3.98,-8.66,0.0
dude_841_6,-6.47,-6.5,-4.77,-7.22,0.0
dude_842_21,-4.75,-4.72,-3.43,-5.6,0.0
dude_843_13,-6.63,-6.77,-5.0,-7.46,0.0
dude_844_1,-6.03,-6.06,-4.1,-8.49,0.0
dude_845_2,-6.77,-6.6,-5.07,-8.84,0.0
dude_846_20,-6.31,-6.38,-5.11,-7.45,0.0
dude_847_10,-6.49,-6.44,-4.78,-7.63,0.0
dude_848_3,-6.64,-6.58,-4.76,-8.79,0.0
dude_849_10,-5.27,-5.38,-4.05,-6.18,0.0
dude_85_6,-6.89,-6.86,-5.2,-9.08,0.0
dude_850_12,-6.68,-6.74,-5.16,-8.77,0.0
dude_851_1,-7.1,-7.33,-5.09,-7.64,0.0
dude_852_4,-6.23,-6.32,-4.94,-7.17,0.0
dude_853_3,-6.74,-6.78,-5.25,-8.13,0.0
dude_854_7,-6.22,-6.27,-5.03,-7.23,0.0
dude_855_1,-7.29,-7.24,-5.55,-9.17,0.0
dude_856_1,-7.63,-7.88,-4.9,-9.32,0.0
dude_857_6,-6.08,-6.06,-4.94,-7.27,0.0
dude_858_1,-8.35,-8.16,-5.73,-10.8,0.0
dude_859_3,-6.91,-6.92,-5.35,-7.97,0.0
dude_86_1,-7.35,-7.25,-6.01,-9.38,0.0
dude_860_6,-6.74,-6.74,-5.56,-7.17,0.0
dude_861_2,-6.75,-6.71,-5.35,-8.18,0.0
dude_862_9,-6.2,-6.21,-5.12,-6.66,0.0
dude_863_25,-6.23,-6.22,-4.97,-6.78,0.0
dude_864_7,-6.93,-6.96,-5.37,-7.86,0.0
dude_865_1,-7.42,-7.58,-5.37,-8.74,0.0
dude_866_4,-6.65,-6.59,-5.05,-7.88,0.0
dude_867_1,-8.13,-8.36,-5.21,-9.16,0.0
dude_868_1,-7.02,-7.09,-5.05,-8.36,0.0
dude_869_1,-7.06,-6.96,-5.26,-9.34,0.0
dude_87_28,-6.16,-6.18,-4.65,-7.31,0.0
dude_870_1,-7.26,-7.19,-6.01,-8.96,0.0
dude_871_4,-6.61,-6.6,-5.01,-7.96,0.0
dude_872_1,-7.03,-6.9,-4.78,-8.45,0.0
dude_873_1,-7.21,-7.23,-5.98,-8.67,0.0
dude_874_1,-6.5,-6.62,-4.55,-8.17,0.0
dude_875_17,-6.33,-6.34,-5.1,-6.81,0.0
dude_876_6,-7.16,-7.26,-5.73,-8.09,0.0
dude_877_11,-6.35,-6.42,-4.9,-7.49,0.0
dude_878_1,-7.84,-7.74,-5.85,-10.34,0.0
dude_879_3,-7.27,-7.37,-5.36,-8.3,0.0
dude_88_3,-7.75,-7.82,-5.85,-9.78,0.0
dude_880_1,-6.98,-7.01,-5.58,-8.98,0.0
dude_881_1,-6.8,-6.81,-4.96,-8.65,0.0
dude_882_1,-8.31,-8.08,-5.8,-9.86,0.0
dude_883_6,-6.56,-6.56,-5.2,-7.63,0.0
dude_884_3,-6.97,-7.08,-5.81,-7.34,0.0
dude_885_1,-7.59,-7.54,-5.37,-9.28,0.0
dude_886_20,-5.93,-5.93,-5.02,-6.79,0.0
dude_887_14,-7.19,-7.32,-5.9,-8.22,0.0
dude_888_1,-6.86,-6.86,-4.39,-8.4,0.0
dude_889_5,-6.79,-6.92,-5.69,-7.12,0.0
dude_89_14,-6.78,-6.79,-4.77,-7.6,0.0
dude_890_1,-7.74,-7.7,-5.29,-10.27,0.0
dude_891_11,-6.68,-6.74,-4.81,-7.6,0.0
dude_892_5,-7.04,-7.2,-5.05,-7.96,0.0
dude_893_2,-6.21,-6.28,-5.18,-7.31,0.0
dude_894_1,-7.37,-7.42,-4.92,-9.75,0.0
dude_895_13,-6.02,-5.88,-4.81,-7.36,0.0
dude_896_8,-6.83,-6.88,-6.17,-6.95,0.0
dude_897_3,-6.3,-6.5,-4.66,-6.92,0.0
dude_898_6,-7.15,-7.18,-5.75,-8.39,0.0
dude_899_1,-7.36,-7.48,-5.32,-9.74,0.0
dude_9_2,-7.11,-7.29,-6.04,-7.42,0.0
dude_90_2,-6.81,-6.81,-5.03,-8.37,0.0
dude_900_1,-7.39,-7.28,-5.29,-8.83,0.0
dude_901_1,-7.46,-7.2,-6.19,-9.22,0.0
dude_902_2,-7.52,-7.83,-6.46,-7.85,0.0
dude_903_1,-6.42,-6.38,-4.57,-8.76,0.0
dude_904_1,-6.39,-6.43,-4.39,-8.44,0.0
dude_905_5,-6.83,-6.8,-5.34,-8.21,0.0
dude_906_7,-5.92,-5.93,-4.96,-6.78,0.0
dude_907_6,-6.34,-6.49,-4.95,-7.23,0.0
dude_908_1,-7.27,-7.25,-5.03,-9.28,0.0
dude_909_2,-6.29,-6.38,-5.0,-7.32,0.0
dude_91_2,-7.04,-6.96,-5.14,-8.73,0.0
dude_910_4,-6.85,-6.96,-5.22,-8.2,0.0
dude_911_3,-7.24,-7.34,-5.2,-7.93,0.0
dude_912_1,-6.78,-6.77,-5.3,-9.12,0.0
dude_913_4,-6.72,-6.78,-5.17,-7.94,0.0
dude_914_4,-7.12,-7.09,-6.03,-8.1,0.0
dude_915_1,-6.49,-6.35,-4.48,-8.78,0.0
dude_916_1,-6.17,-6.17,-4.11,-7.78,0.0
dude_917_2,-5.7,-5.66,-4.16,-7.69,0.0
dude_918_2,-7.39,-7.41,-5.64,-8.79,0.0
dude_919_13,-4.89,-4.92,-3.72,-5.6,0.0
dude_92_1,-7.57,-7.56,-5.01,-9.08,0.0
dude_920_1,-6.91,-6.85,-5.45,-9.19,0.0
dude_921_2,-5.96,-5.9,-4.65,-7.93,0.0
dude_922_10,-6.16,-6.22,-5.21,-6.93,0.0
dude_923_3,-6.88,-6.99,-4.21,-9.4,0.0
dude_924_1,-6.71,-6.65,-5.24,-7.87,0.0
dude_925_1,-5.5,-5.47,-4.26,-6.84,0.0
dude_926_1,-6.75,-6.74,-4.27,-8.97,0.0
dude_927_6,-6.72,-6.72,-5.29,-7.79,0.0
dude_928_1,-8.31,-8.0,-5.8,-11.45,0.0
dude_929_3,-6.0,-5.95,-4.3,-8.05,0.0
dude_93_3,-7.15,-7.2,-6.38,-7.28,0.0
dude_930_2,-14.33,-14.3,-11.83,-16.38,0.0
dude_931_15,-6.34,-6.4,-4.65,-6.64,0.0
dude_932_1,-6.21,-6.12,-4.72,-7.63,0.0
dude_933_1,-6.4,-6.33,-4.33,-8.53,0.0
dude_934_1,-7.41,-7.3,-5.21,-9.08,0.0
dude_935_12,-6.17,-6.26,-4.99,-6.95,0.0
dude_936_1,-6.4,-6.3,-4.26,-8.29,0.0
dude_937_6,-5.5,-5.59,-3.97,-6.53,0.0
dude_938_4,-6.57,-6.58,-5.31,-7.52,0.0
dude_939_10,-5.4,-5.35,-4.21,-6.63,0.0
dude_94_3,-5.41,-5.44,-4.05,-6.89,0.0
dude_940_33,-6.2,-6.2,-5.06,-6.97,0.0
dude_941_2,-6.82,-6.77,-4.5,-8.34,0.0
dude_942_3,-6.6,-6.6,-6.43,-6.62,0.0
dude_943_5,-6.69,-6.82,-4.43,-8.01,0.0
dude_944_1,-5.94,-5.89,-4.95,-7.8,0.0
dude_945_11,-5.69,-5.62,-4.34,-6.38,0.0
dude_946_17,-5.08,-5.07,-3.53,-6.54,0.0
dude_947_2,-6.36,-6.42,-5.07,-7.55,0.0
dude_948_1,-6.43,-6.33,-4.78,-8.08,0.0
dude_949_1,-6.8,-6.82,-5.43,-7.6,0.0
dude_95_1,-6.01,-6.0,-4.48,-7.63,0.0
dude_950_1,-4.78,-4.84,-3.55,-7.56,0.0
dude_951_1,-4.76,-4.77,-3.05,-6.36,0.0
dude_952_2,-4.95,-5.02,-3.74,-5.6,0.0
dude_953_1,-5.08,-5.04,-3.02,-6.6,0.0
dude_954_2,-6.08,-6.12,-4.33,-7.26,0.0
dude_955_2,-5.27,-5.28,-3.89,-6.79,0.0
dude_956_7,-6.6,-6.68,-4.92,-7.45,0.0
dude_957_5,-4.16,-4.16,-2.35,-5.57,0.0
dude_958_3,-6.23,-6.3,-5.24,-6.71,0.0
dude_959_1,-7.29,-7.34,-5.82,-7.54,0.0
dude_96_10,-5.06,-5.05,-3.81,-6.28,0.0
dude_960_2,-6.09,-6.17,-4.41,-7.44,0.0
dude_961_10,-5.8,-5.9,-4.49,-6.91,0.0
dude_962_2,-6.39,-6.35,-5.08,-7.72,0.0
dude_963_2,-6.58,-6.58,-5.41,-7.51,0.0
dude_964_1,-5.71,-5.71,-4.14,-6.71,0.0
dude_965_2,-5.35,-5.33,-4.0,-6.56,0.0
dude_966_2,-4.49,-4.48,-3.44,-5.67,0.0
dude_967_1,-6.14,-6.12,-5.13,-7.23,0.0
dude_968_1,-6.17,-6.27,-4.27,-7.76,0.0
dude_969_4,-4.75,-4.76,-3.38,-6.14,0.0
dude_97_1,-7.21,-7.12,-5.71,-9.15,0.0
dude_970_3,-6.74,-6.69,-4.96,-8.13,0.0
dude_971_2,-5.44,-5.41,-4.39,-6.42,0.0
dude_972_3,-5.17,-5.21,-3.96,-5.78,0.0
dude_973_2,-6.51,-6.49,-4.95,-8.1,0.0
dude_974_5,-5.04,-4.95,-3.76,-6.38,0.0
dude_975_1,-5.87,-6.0,-4.46,-6.79,0.0
dude_976_5,-4.99,-5.03,-4.1,-5.68,0.0
dude_977_1,-6.96,-7.1,-5.66,-7.93,0.0
dude_978_3,-6.42,-6.51,-4.73,-7.44,0.0
dude_979_3,-6.26,-6.28,-4.38,-7.3,0.0
dude_98_4,-7.59,-7.61,-6.31,-8.9,0.0
dude_980_7,-7.21,-7.1,-5.46,-8.48,0.0
dude_981_1,-5.19,-5.11,-3.86,-6.85,0.0
dude_982_1,-5.86,-5.94,-4.24,-7.01,0.0
dude_983_2,-5.05,-5.04,-2.95,-6.65,0.0
dude_984_1,-4.78,-4.81,-3.16,-6.09,0.0
dude_985_2,-5.65,-5.57,-3.08,-7.19,0.0
dude_986_6,-5.48,-5.5,-4.02,-6.54,0.0
dude_987_10,-3.55,-3.62,-2.67,-4.31,0.0
dude_988_3,-3.75,-3.75,-2.47,-5.0,0.0
dude_989_1,-5.63,-5.48,-4.35,-7.68,0.0
dude_99_26,-5.92,-5.92,-5.53,-6.49,0.0
dude_990_2,-4.8,-4.76,-3.53,-6.28,0.0
dude_991_1,-4.55,-4.56,-2.49,-6.6,0.0
dude_992_8,-5.47,-5.45,-4.33,-6.49,0.0
dude_993_2,-5.25,-5.32,-3.67,-6.66,0.0
dude_994_4,-5.75,-5.64,-4.26,-7.33,0.0
dude_995_1,-6.67,-6.58,-4.97,-8.57,0.0
dude_996_1,-6.97,-7.06,-6.32,-7.15,0.0
dude_997_2,-4.41,-4.43,-3.04,-6.12,0.0
dude_998_1,-5.41,-5.45,-3.84,-7.03,0.0
dude_999_5,-6.07,-6.13,-5.3,-6.34,0.0
